feature,coefficient,direction
 al,1.041775520885641,injection
you,0.8484919164591751,injection
 all,0.8484027123059548,injection
 yo,0.8483057146698794,injection
 you,0.8483057146698794,injection
all,0.7824567973358802,injection
gen,0.7426930958144988,injection
te ,0.7117081058765626,injection
hin,0.6643708291801884,injection
 th,0.6467012058492735,injection
 alle,0.6332454634064539,injection
 an,0.6100833725137694,injection
you ,0.6082866602976249,injection
ou ,0.6082866602976249,injection
 you ,0.6079639177870104,injection
 fo,0.5835782968101598,injection
thi,0.5828604790580876,injection
 inst,0.5707023315228116,injection
tru,0.5690041262316093,injection
ate,0.5669669389797086,injection
 t ,0.5648680776142332,injection
lle,0.5606605166199747,injection
instr,0.5572847652784604,injection
fol,0.5566825569127024,injection
alle,0.553233523805385,injection
nstru,0.5443678141256985,injection
 fol,0.5383453333727825,injection
 wri,0.5367100771451881,injection
wri,0.5367100771451881,injection
writ,0.5367100771451881,injection
 writ,0.5367100771451881,injection
 wr,0.533435250634896,injection
inst,0.5306538589058593,injection
ins,0.5286965424658312,injection
 ins,0.52863644583078,injection
stru,0.527525739189644,injection
ll ,0.526377339569002,injection
 tha,0.5231808352470457,injection
ate ,0.5218379308958843,injection
nor,0.518793631723094,injection
nstr,0.5181653730121156,injection
 sa,0.5138236738136668,injection
tha,0.5113046717954471,injection
?. ,0.5112893400234225,injection
ver,0.5093917250042561,injection
 ev,0.5066195443827266,injection
 that,0.5040908521002349,injection
that,0.5040908521002349,injection
ite ,0.4937246129368963,injection
write,0.49302245727867067,injection
rite,0.49302245727867067,injection
re ,0.49182803746261455,injection
 a ,0.49150263380795284,injection
thin,0.48618214318759556,injection
ue ,0.4857492732455681,injection
ant,0.4850376767845841,injection
n? ,-0.4849712807572489,benign
ing,0.4846353684312017,injection
 y ,0.48396797386456414,injection
ss ,0.4801330105442996,injection
 no,0.47431541711956715,injection
tex,0.4682880752968515,injection
text,0.4682880752968515,injection
 hate,0.4653474898952081,injection
hate,0.4653474898952081,injection
nst,0.4634410747058181,injection
the,0.45651720041900445,injection
yth,0.4538784175703583,injection
ur ,0.4528347164030503,injection
t? ,-0.44952308228546345,benign
 eve,0.44920512625973874,injection
 ign,0.4402264151376349,injection
 ig,0.4402264151376349,injection
gnor,0.4402264151376349,injection
gno,0.4402264151376349,injection
 igno,0.4402264151376349,injection
igno,0.4402264151376349,injection
ignor,0.4402264151376349,injection
ein,0.43990432590222706,injection
ay ,0.43854509480224046,injection
"e, ",0.43717159472355954,injection
ery,0.4353784772971587,injection
ruc,0.43187786476096707,injection
ite,0.4273762515964957,injection
 du ,0.42682771786420515,injection
du ,0.42682771786420515,injection
rite ,0.42596193728851833,injection
 wh,-0.42542057040625697,benign
ore,0.42364713379347224,injection
oll,0.42307753721212055,injection
wel,-0.422814479756015,benign
 st,0.4220366383941164,injection
the ,0.4212999010450831,injection
 que,0.41837681496955265,injection
very,0.4171208898443912,injection
 your,0.41623196530928913,injection
your,0.41623196530928913,injection
gen ,0.4112379408626403,injection
struc,0.41043063585290196,injection
truc,0.41043063585290196,injection
ing ,0.40933309903244935,injection
be ,0.40781940618868645,injection
your ,0.40612339796896757,injection
 the,0.40532719834394043,injection
que,0.40422000095358696,injection
ore ,0.4037355712383153,injection
 wel,-0.40357896626142803,benign
rit,0.4034069493760589,injection
 ver,0.40314588847414995,injection
 all ,0.40263156790231247,injection
 forg,0.4016830035770057,injection
orget,0.4016830035770057,injection
forge,0.4016830035770057,injection
forg,0.4016830035770057,injection
 the ,0.40132543403606097,injection
 u ,0.4007907861593461,injection
 h ,0.4007907861593461,injection
ext,0.39757666092777905,injection
e. ,0.3966437593647961,injection
 te,0.3940676974869466,injection
e: ,0.38960005424161603,injection
hing,0.38776109009047577,injection
thing,0.3875112342898801,injection
 du,0.3872831073490952,injection
les,0.3854351799130078,injection
 qu,0.38507789484957505,injection
rget ,0.38264108213228665,injection
rget,0.38264108213228665,injection
that ,0.3792185663850017,injection
truct,0.37915984486582327,injection
ruct,0.37915984486582327,injection
all ,0.37621896301808444,injection
orge,0.37506219135764696,injection
get ,0.37433992151265366,injection
str,0.3743071608022328,injection
rge,0.3727786793533039,injection
say,0.37178769953680163,injection
euro,-0.37105626685851884,benign
 eur,-0.37105626685851884,benign
europ,-0.37105626685851884,benign
eur,-0.37105626685851884,benign
uro,-0.37105626685851884,benign
urop,-0.37105626685851884,benign
 euro,-0.37105626685851884,benign
 - ,0.3669162049868395,injection
hate ,0.36624214824736084,injection
age,0.3661692343943175,injection
uctio,0.3661666516417999,injection
ucti,0.3661666516417999,injection
ructi,0.3661666516417999,injection
ryth,0.36512098258900677,injection
rythi,0.36512098258900677,injection
eryt,0.36512098258900677,injection
eryth,0.36512098258900677,injection
veryt,0.36512098258900677,injection
ryt,0.36512098258900677,injection
ythin,0.36428731445459334,injection
ythi,0.36428731445459334,injection
every,0.3631318273174495,injection
say ,0.3627364730305737,injection
ich ,-0.36110812942889703,benign
folg,0.35953860999657655,injection
olg,0.35953860999657655,injection
org,0.3590131953018254,injection
eib,0.3568461542751701,injection
 da,0.3566273529772268,injection
 to,0.35611049173466386,injection
gend,0.35437035551546076,injection
 pr,0.3540670763065553,injection
ger,-0.35371321816996576,benign
 ab,0.35203156950112935,injection
rop,-0.350432795074788,benign
 ever,0.3501758553154428,injection
what ,-0.349925033554944,benign
igen ,0.349639871533886,injection
 ein,0.3464317739196684,injection
big,0.34623342279765085,injection
schr,0.3461036324491467,injection
ine ,0.34528972704389405,injection
r. ,0.34527548993725615,injection
olge,0.3447947846973301,injection
lge,0.3447947846973301,injection
folge,0.3447947846973301,injection
ona,-0.3447633091131542,benign
ign,0.3444526464773595,injection
 ei,0.34365658150912726,injection
sti,0.3433558181424566,injection
 ger,-0.3431596190074185,benign
et ,0.34305322591968973,injection
vor,0.3428248697863288,injection
chr,0.34146387794833405,injection
top,0.33939822718245566,injection
ass,0.33939412100110633,injection
 say,0.3393508728286296,injection
rag,0.33896276341334947,injection
iss,0.3389407457679793,injection
what,-0.33889291556987944,benign
 wha,-0.33889291556987944,benign
 what,-0.33889291556987944,benign
wha,-0.33889291556987944,benign
our ,0.3388317863430165,injection
gende,0.3387569161516115,injection
 text,0.3385020795819874,injection
 tex,0.3385020795819874,injection
hrei,0.3378474396834974,injection
hreib,0.3378474396834974,injection
reib,0.3378474396834974,injection
schre,0.3378474396834974,injection
chre,0.3378474396834974,injection
chrei,0.3378474396834974,injection
so ,0.33691561851916624,injection
lgen,0.33683999054837643,injection
 folg,0.33683999054837643,injection
olgen,0.33683999054837643,injection
hing ,0.3360626726644802,injection
 say ,0.3359187828290468,injection
eine ,0.3351836534172176,injection
 bi,0.3351142873434234,injection
rage,0.3332770542804112,injection
sto,0.3331921785077647,injection
ibe,0.33205883567522193,injection
eibe,0.33205883567522193,injection
 se,0.33057498325727624,injection
get,0.32960318454776244,injection
iss ,0.3292395211786543,injection
eine,0.3288936160254477,injection
our,0.32773401381701056,injection
ige,0.32608885821240247,injection
igen,0.3235951270616363,injection
 mu,0.3232603513784161,injection
us ,0.3229396893919395,injection
ng ,0.321198549347646,injection
 stop,0.3208118012645869,injection
stop,0.3208118012645869,injection
for,0.3201676460957163,injection
uct,0.319712793980086,injection
s. ,0.3192044290243097,injection
 ve,0.31863581958065285,injection
sie ,0.3182925233541236,injection
 sie ,0.3182925233541236,injection
nen,0.3181456763904081,injection
 ant,0.3176337820562034,injection
 ac,0.3173606863232488,injection
giss ,0.31619796678574885,injection
 verg,0.31619796678574885,injection
rgis,0.31619796678574885,injection
giss,0.31619796678574885,injection
rgiss,0.31619796678574885,injection
verg,0.31619796678574885,injection
vergi,0.31619796678574885,injection
ergis,0.31619796678574885,injection
 now ,0.31487134258021865,injection
r? ,-0.31453040843500857,benign
gis,0.3145184439762454,injection
nore,0.31399935597085704,injection
gnore,0.31399935597085704,injection
 be,0.313508999739447,injection
nore ,0.31293013253830915,injection
elche,-0.31275497028521515,benign
welc,-0.31275497028521515,benign
 welc,-0.31275497028521515,benign
elch,-0.31275497028521515,benign
lche ,-0.31275497028521515,benign
welch,-0.31275497028521515,benign
elc,-0.31275497028521515,benign
lche,-0.31275497028521515,benign
lch,-0.31275497028521515,benign
reibe,0.31242736355956935,injection
 thi,0.3099693942661109,injection
 eu,-0.30865502874132783,benign
 so,0.30849957077837986,injection
tes,0.3072916838555239,injection
nts,0.30691430666837566,injection
frag,0.30624200459967205,injection
rin,0.30580526388033824,injection
 schr,0.3057170361546179,injection
en ,0.30519922090233614,injection
eve,0.3037874474459895,injection
hre,0.30358465400645046,injection
"n, ",0.30313008039045997,injection
y? ,-0.30272488201590597,benign
 frag,0.30242480122578785,injection
s? ,-0.3022235466900711,benign
 deut,-0.30144262289810103,benign
 deu,-0.30144262289810103,benign
two,0.3007225568928322,injection
low,0.30024004666234183,injection
llow,0.30024004666234183,injection
eba,0.2996796785857878,injection
 au,0.2993148752651285,injection
 as,0.29928605037193623,injection
"t, ",0.29921820172841535,injection
 sto,0.298444519155259,injection
frage,0.2984386202864219,injection
ever,0.2982597254787661,injection
follo,0.29809352890132995,injection
ollo,0.29809352890132995,injection
ollow,0.29809352890132995,injection
foll,0.29809352890132995,injection
 foll,0.29809352890132995,injection
che ,-0.2970514639164311,benign
end,0.2961543047021601,injection
 wil,0.2961504510775888,injection
wil,0.2961504510775888,injection
n: ,0.29593907442075373,injection
das,0.2957249905965025,injection
will,0.2956441201015216,injection
 will,0.2956441201015216,injection
eibe ,0.29524676680548556,injection
ibe ,0.29524676680548556,injection
 ukr,-0.29517327637062646,benign
ukrai,-0.29517327637062646,benign
 ukra,-0.29517327637062646,benign
krai,-0.29517327637062646,benign
 uk,-0.29517327637062646,benign
ukra,-0.29517327637062646,benign
krain,-0.29517327637062646,benign
ukr,-0.29517327637062646,benign
 out,0.2943815053481672,injection
do ,0.2922683686945475,injection
ein ,0.29203971193393946,injection
alle ,0.29096214461189635,injection
 an ,0.2907578779522881,injection
 hat ,-0.29061374192874956,benign
kra,-0.2895900225063237,benign
ine,0.28939383117765677,injection
lgend,0.28703803221180235,injection
vide,0.286268404937552,injection
ter ,0.28619905973501075,injection
bis,0.2845658565120234,injection
 bis,0.2845658565120234,injection
 ou,0.284191399201434,injection
land ,-0.28325600970080483,benign
on ,0.2831130225543749,injection
ch ,-0.28260939555836173,benign
id ,-0.2821402368812316,benign
 now,0.2817788717513175,injection
++ ,0.281721400740653,injection
 did,-0.2810460585443805,benign
 did ,-0.2810460585443805,benign
did,-0.2810460585443805,benign
did ,-0.2810460585443805,benign
alles,0.2804040919065719,injection
lles,0.2804040919065719,injection
abo,0.2799846384123245,injection
antwo,0.2797935969771562,injection
ntwor,0.2797935969771562,injection
antw,0.2797935969771562,injection
twor,0.2797935969771562,injection
twort,0.2797935969771562,injection
ntwo,0.2797935969771562,injection
wort,0.2797935969771562,injection
 ge,-0.27940506653862596,benign
tes ,0.27938120683073997,injection
swe,0.27936108190803083,injection
pri,0.2788240575400638,injection
 pri,0.2788240575400638,injection
icht,0.2772188440493971,injection
ter,0.27683295457468426,injection
en? ,-0.2761821106234327,benign
answe,0.27567515865771164,injection
answ,0.27567515865771164,injection
 answ,0.27567515865771164,injection
 sie,0.2754456363723227,injection
rte,0.2753491892969274,injection
 o ,0.27306255549657127,injection
one,0.27282175662775454,injection
gabe,0.2727618004303473,injection
gab,0.2727618004303473,injection
vid,0.2724902997003335,injection
"s, ",0.272377297779961,injection
will ,0.2717262184225652,injection
uest,0.271646846736178,injection
quest,0.271646846736178,injection
ques,0.271646846736178,injection
 or,0.2705541420575415,injection
ope,-0.2705536507785465,benign
nes ,0.2701996621930303,injection
 for,0.2700902905670005,injection
swer ,0.2697326686674387,injection
ly ,0.26955875375119426,injection
 and,0.26912756516287445,injection
wing,0.26910793545377115,injection
owing,0.26910793545377115,injection
hee,0.26788765939290715,injection
 je,0.26715933961818034,injection
l? ,-0.26607295577614787,benign
agen,0.2651552435604277,injection
ne ,0.2651530057959318,injection
nswe,0.2637279153271073,injection
nswer,0.2637279153271073,injection
swer,0.2637279153271073,injection
lowi,0.2637244279245005,injection
lowin,0.2637244279245005,injection
llowi,0.2637244279245005,injection
lan,-0.2632435913387122,benign
sag,0.26269333846201653,injection
wor,0.2625052884185729,injection
ill,0.2620925130098312,injection
 das,0.2618885651548185,injection
 ans,0.2618218935636237,injection
rier,0.2617461534053132,injection
riere,0.2617461534053132,injection
t: ,0.2605158756275581,injection
se ,0.25984806327036686,injection
mic,-0.25957148457606,benign
ende,0.25897828459850974,injection
 gen,0.2587840090393846,injection
 ha,0.2586036982459788,injection
e? ,-0.25810494498596775,benign
his ,0.2569221438655812,injection
uesti,0.2567616665286373,injection
 ques,0.2567616665286373,injection
stio,0.2567616665286373,injection
estio,0.2567616665286373,injection
stion,0.2567616665286373,injection
lle ,0.2567447753086083,injection
ctio,0.25625516926777714,injection
ction,0.25625516926777714,injection
wing ,0.255433353053274,injection
avi,0.25518705075400794,injection
ort,0.25478929117368077,injection
abov,0.2546040321833955,injection
 abov,0.2546040321833955,injection
above,0.2546040321833955,injection
bov,0.2546040321833955,injection
bove,0.2546040321833955,injection
orona,-0.2544400879240864,benign
 coro,-0.2544400879240864,benign
rona,-0.2544400879240864,benign
oron,-0.2544400879240864,benign
coro,-0.2544400879240864,benign
coron,-0.2544400879240864,benign
oro,-0.2544400879240864,benign
hat ,-0.253926286857342,benign
wer,0.2538053669779751,injection
 we,-0.25377181818861055,benign
eut,-0.2536930037605798,benign
ona ,-0.25330160512146715,benign
rona ,-0.25330160512146715,benign
now,0.25299994152047467,injection
ents,0.25286484524421166,injection
nsw,0.2525410389201394,injection
t! ,0.25231847246887956,injection
ill ,0.2508994313817831,injection
rgi,0.2505817549238541,injection
ergi,0.2505817549238541,injection
many ,-0.2505521791362495,benign
 bist,0.24973653212258365,injection
bist,0.24973653212258365,injection
bist ,0.24973653212258365,injection
uck,0.24875781064831773,injection
"en, ",0.2486201923465259,injection
"en,",0.2486201923465259,injection
state,0.24767545494797436,injection
tate,0.24767545494797436,injection
esti,0.24698256233242494,injection
ord,0.2468802434700285,injection
 de,-0.2464792112646254,benign
mus,0.2457549750643678,injection
umen,0.24528603911010408,injection
ume,0.24528603911010408,injection
ument,0.24528603911010408,injection
alte,0.24511959022938234,injection
que ,0.24501121391506178,injection
spd,0.24450002915867505,injection
"""fuc",0.24447950060784113,injection
fuck,0.24447950060784113,injection
" ""f",0.24447950060784113,injection
"""fuck",0.24447950060784113,injection
"""fu",0.24447950060784113,injection
"uck""",0.24447950060784113,injection
" ""fuc",0.24447950060784113,injection
"fuck""",0.24447950060784113,injection
"ck""",0.24447950060784113,injection
" ""fu",0.24447950060784113,injection
fuc,0.24447950060784113,injection
 bef,0.24396704046786005,injection
bef,0.24396704046786005,injection
cti,0.243944513377117,injection
rint,0.24380011531349105,injection
prin,0.24380011531349105,injection
 prin,0.24380011531349105,injection
print,0.24380011531349105,injection
llo,0.24331970010010107,injection
many,-0.2431852307370316,benign
 mus,0.2424026160241871,injection
pre,0.24187157171957088,injection
t. ,0.24181113048103334,injection
ove ,0.24180018048651064,injection
ich,-0.2410504411818929,benign
023?,0.24092896488066357,injection
2023?,0.24092896488066357,injection
23?,0.24092896488066357,injection
die,0.24080515343476147,injection
ues,0.24065154937911407,injection
tel,0.24056907110317288,injection
mit,0.2403835174456336,injection
 be ,0.24012306526592542,injection
 que ,0.2399292594285905,injection
anc,-0.23977133202831308,benign
 eine,0.23964416703046718,injection
fra,0.2393544836816177,injection
ve ,0.23776252708707582,injection
lles ,0.23759771816949005,injection
pret,0.23687494361052835,injection
rete,0.23687494361052835,injection
prete,0.23687494361052835,injection
this ,0.23680725861088023,injection
ocu,0.23565103005847365,injection
rope,-0.23542055631363668,benign
 wi,0.23529423989420722,injection
 chin,0.235001978645322,injection
tte,0.23492062075933678,injection
 as ,0.23468797463744465,injection
 my,-0.23305652490388795,benign
ode,0.23302030501300564,injection
ans,0.23301227019496493,injection
whi,-0.2327948370939948,benign
which,-0.2327948370939948,benign
hich ,-0.2327948370939948,benign
whic,-0.2327948370939948,benign
 whic,-0.2327948370939948,benign
hich,-0.2327948370939948,benign
 whi,-0.2327948370939948,benign
 chee,0.2322464053183826,injection
chee,0.2322464053183826,injection
rent,-0.2319354800621953,benign
ese,0.2318620568289275,injection
 fra,0.23176201721810763,injection
 wo,-0.23175642517393977,benign
fore,0.2312329675053564,injection
 is ,-0.23105684469569165,benign
efore,0.23075463042547495,injection
ove,0.23060345206019686,injection
st ,0.23032574128115857,injection
rain,-0.23028432570070176,benign
rai,-0.23028432570070176,benign
befor,0.2300804521767111,injection
 befo,0.2300804521767111,injection
befo,0.2300804521767111,injection
itte,0.22976131692263574,injection
 or ,0.22960852041588312,injection
tod,0.22944262867216406,injection
 tod,0.22944262867216406,injection
un ,0.22939762522528992,injection
gener,0.22888652912771706,injection
 gene,0.22888652912771706,injection
es ,0.22864716768587606,injection
any ,-0.22827207553135292,benign
ny ,-0.2280376735458559,benign
owin,0.2278793318513734,injection
owi,0.2278793318513734,injection
win,0.2278793318513734,injection
bt ,-0.22769894368459268,benign
it ,0.2275861366522687,injection
 sc,0.22723325070762626,injection
d? ,-0.22680569372903334,benign
ut ,0.22670736832492028,injection
 202,0.2262359113383239,injection
202,0.2262359113383239,injection
 20,0.2262359113383239,injection
hau,0.22581205194094453,injection
evi,0.22566951183548578,injection
 vor,0.22520925704652678,injection
aus,0.22432523356708312,injection
ments,0.2239439452613764,injection
ance,-0.2238985865155269,benign
 ein ,0.22310286336756402,injection
 cor,-0.22308912850752763,benign
 my ,-0.222626752029663,benign
urope,-0.22227865856639029,benign
ope ,-0.22227865856639029,benign
rope ,-0.22227865856639029,benign
en?,-0.22224155262308137,benign
ret,0.22215569393380086,injection
ete,0.22208135777180174,injection
 on,0.22201940086654656,injection
end ,0.22155547891248473,injection
wei,0.2214635791119647,injection
china,0.22143971495634604,injection
hina,0.22143971495634604,injection
ain,-0.22047928116323556,benign
to ,0.2201958753594141,injection
abe,0.22017016698035244,injection
est,0.2199052141450862,injection
chin,0.21979322267797619,injection
 do,0.2196818956849941,injection
lie,0.21957100515093358,injection
de ,0.2192691304571456,injection
nes,0.21914332448180449,injection
gene,0.21901729831362896,injection
hic,-0.21901386748528517,benign
chl,-0.21891663841831285,benign
haus,0.218797103631788,injection
orde,0.21836716696725453,injection
en.,0.21662625284735845,injection
land,-0.2165693489391433,benign
worte,0.21565288901796145,injection
erg,0.21556944688077412,injection
lly,0.2155158300433099,injection
lo ,0.2154975381519207,injection
aus ,0.21538106245327154,injection
out,0.21492678889137734,injection
tsc,-0.21345794087597658,benign
tsch,-0.21345794087597658,benign
spi,0.21333106836693755,injection
pe ,-0.2133253031606884,benign
 bitt,0.21307762813162992,injection
bitte,0.21307762813162992,injection
bitt,0.21307762813162992,injection
bit,0.21307762813162992,injection
 bit,0.21307762813162992,injection
iere,0.21307678257515802,injection
opa,-0.21242539727250306,benign
uropa,-0.21242539727250306,benign
ropa,-0.21242539727250306,benign
schl,-0.2123624100103598,benign
fga,0.21231345359752743,injection
fgab,0.21231345359752743,injection
 aufg,0.21231345359752743,injection
aufg,0.21231345359752743,injection
ufg,0.21231345359752743,injection
fgabe,0.21231345359752743,injection
aufga,0.21231345359752743,injection
ufgab,0.21231345359752743,injection
ufga,0.21231345359752743,injection
"nen,",0.21201231617423694,injection
"nen, ",0.21201231617423694,injection
 die,0.21143069248491175,injection
eis,0.21115066836553137,injection
 task,0.21114192354349073,injection
 tas,0.21114192354349073,injection
task,0.21114192354349073,injection
 is,-0.21062544133364836,benign
fore ,0.2101576252526513,injection
 ra,0.21012895677719443,injection
lly ,0.20990178050780361,injection
germ,-0.2096556577811096,benign
germa,-0.2096556577811096,benign
 germ,-0.2096556577811096,benign
lem,0.2089201497522478,injection
just,0.20887160569447152,injection
jus,0.20887160569447152,injection
deuts,-0.20867095210740572,benign
utsch,-0.20867095210740572,benign
euts,-0.20867095210740572,benign
eutsc,-0.20867095210740572,benign
utsc,-0.20867095210740572,benign
 dr,0.2085014469132998,injection
dic,0.20845575333839703,injection
odo,0.20836470100427973,injection
 todo,0.20836470100427973,injection
odo ,0.20836470100427973,injection
todo,0.20836470100427973,injection
todo ,0.20836470100427973,injection
gin,0.2083486209044304,injection
mani,0.208264921187224,injection
ask,0.20789523683104844,injection
rigen,0.20767508984366567,injection
rige,0.20767508984366567,injection
herig,0.20767508984366567,injection
erig,0.20767508984366567,injection
erige,0.20767508984366567,injection
erman,-0.20743759281533433,benign
erma,-0.20743759281533433,benign
 like,-0.2072102473068925,benign
 lik,-0.2072102473068925,benign
now ,0.20720439352570288,injection
tas,0.20698092172970997,injection
 ch,0.20667449169808536,injection
ron,-0.2062560096750538,benign
aha,0.20615385969857125,injection
ntw,0.2060554088653012,injection
er.,0.2058712487623837,injection
er. ,0.2058712487623837,injection
heri,0.20586114630081867,injection
lik,-0.20578123764810452,benign
 ko,0.20557306867012914,injection
big ,0.20555216875747398,injection
heese,0.20555216875747398,injection
 big,0.20555216875747398,injection
 big ,0.20555216875747398,injection
chees,0.20555216875747398,injection
eese,0.20555216875747398,injection
hees,0.20555216875747398,injection
rovid,0.205461705761335,injection
 so ,0.20534793594514092,injection
uts,-0.20490486433144411,benign
rmu,0.2048380442648408,injection
 als,0.2047724923075237,injection
 er,0.2046592446753755,injection
 nun ,0.20434728556970125,injection
 nun,0.20434728556970125,injection
nun ,0.20434728556970125,injection
ale,0.2043350680456852,injection
 auf,0.2041839402174163,injection
ovide,0.20411812698125767,injection
ge ,0.20391193921115322,injection
ice,0.20376991712078457,injection
ide ,0.20334893343207147,injection
 ich,-0.20221626427178743,benign
 alte,0.20206384064914457,injection
rmany,-0.201560564846069,benign
can,-0.20152893594438295,benign
 can,-0.20152893594438295,benign
cra,0.2014639792587911,injection
raine,-0.20091848246893365,benign
aine,-0.20091848246893365,benign
 rea,0.20063948979151863,injection
code,0.20054062806486117,injection
cod,0.20054062806486117,injection
his,0.2004565868667739,injection
tun,0.2004156113772269,injection
tput,0.20009654522190262,injection
outp,0.20009654522190262,injection
utpu,0.20009654522190262,injection
utput,0.20009654522190262,injection
utp,0.20009654522190262,injection
tpu,0.20009654522190262,injection
outpu,0.20009654522190262,injection
 outp,0.20009654522190262,injection
 are ,0.19999237797913705,injection
 ich ,-0.19992615220752882,benign
enera,0.1998257558464754,injection
nera,0.1998257558464754,injection
nerat,0.1998257558464754,injection
of ,0.19980979082756922,injection
 of ,0.19980979082756922,injection
orte,0.19971158679784368,injection
ally,0.19945537369149233,injection
ally ,0.19945537369149233,injection
 ali,0.1994454556856522,injection
alic,0.1994454556856522,injection
alice,0.1994454556856522,injection
 alic,0.1994454556856522,injection
 john,0.1994454556856522,injection
joh,0.1994454556856522,injection
 joh,0.1994454556856522,injection
john,0.1994454556856522,injection
lice,0.1994454556856522,injection
rate ,0.19942435127296612,injection
 yes,0.1993207931241897,injection
yes,0.1993207931241897,injection
 yes.,0.1993207931241897,injection
yes. ,0.1993207931241897,injection
yes.,0.1993207931241897,injection
 act,0.19857853576851542,injection
are ,0.1985199371326165,injection
ie ,0.1983262393567366,injection
 li,-0.19812641567512557,benign
 cu,-0.19810073160202915,benign
 antw,0.19780943066384757,injection
cor,-0.19780641095305382,benign
truk,0.19771089730952637,injection
ruk,0.19771089730952637,injection
struk,0.19771089730952637,injection
se.,0.197618019927763,injection
se. ,0.197618019927763,injection
 sag,0.19758835533272992,injection
any,-0.19723195704596444,benign
my ,-0.19721725086442185,benign
rea,0.19689538923617686,injection
 sp,0.19635276242290087,injection
heis,0.1963510446175287,injection
 che,0.1956910825861035,injection
 im,0.19560827499047237,injection
ann,-0.1950886116522341,benign
 rep,0.19507180604167443,injection
ts.,0.1949584809451025,injection
ts. ,0.1949584809451025,injection
this,0.19495705135098534,injection
 this,0.19495705135098534,injection
 mit,0.1940283626675046,injection
em ,0.19260523430617757,injection
 sch,0.192404007732678,injection
like,-0.19198130044042844,benign
t?. ,0.1918766084136233,injection
t?.,0.1918766084136233,injection
ha ,0.19162598992748142,injection
ko ,0.19152010958298074,injection
auf,0.19148324905337705,injection
nen ,0.19118545710094048,injection
act,0.19114042909796064,injection
 timo,0.19085431787392584,injection
timo ,0.19085431787392584,injection
timo,0.19085431787392584,injection
imo ,0.19085431787392584,injection
imo,0.19085431787392584,injection
ene,0.19049646206982676,injection
ele,0.19048923241804933,injection
spd ,0.19036178175448942,injection
pd ,0.19036178175448942,injection
 abo,0.19035879557894317,injection
ust ,0.1902552759873633,injection
hei,0.19015509464460742,injection
 hi,0.19000802537477324,injection
rde,0.18995101476304205,injection
bove ,0.18980195097922056,injection
den,0.18965264286316755,injection
chlan,-0.18953249644871992,benign
hla,-0.18953249644871992,benign
hlan,-0.18953249644871992,benign
schla,-0.18953249644871992,benign
hland,-0.18953249644871992,benign
tschl,-0.18953249644871992,benign
chla,-0.18953249644871992,benign
ocum,0.18902825392642716,injection
cume,0.18902825392642716,injection
cum,0.18902825392642716,injection
ocume,0.18902825392642716,injection
docu,0.18902825392642716,injection
docum,0.18902825392642716,injection
cumen,0.18902825392642716,injection
tio,0.18892715516864858,injection
tion,0.18892715516864858,injection
orier,0.18884144969824046,injection
norie,0.18884144969824046,injection
gnori,0.18884144969824046,injection
nori,0.18884144969824046,injection
ces,0.1887703459119602,injection
eren ,0.18874270956107345,injection
rman,-0.18873523945969678,benign
ees,0.18871442967196841,injection
erne,-0.18849154478166735,benign
ts ,0.18830300216294316,injection
bas,0.1878298116546574,injection
deut,-0.1874035474304811,benign
deu,-0.1874035474304811,benign
avo,0.18691601628066729,injection
bige,0.18687575914602764,injection
 with,0.18665980046689618,injection
 wit,0.18665980046689618,injection
with,0.18665980046689618,injection
ith,0.18665980046689618,injection
 tie,0.18654395028482718,injection
tte ,0.18637579308786906,injection
itte ,0.18637579308786906,injection
 if ,0.18619020704366768,injection
 if,0.18619020704366768,injection
olvid,0.18594524451643646,injection
 olvi,0.18594524451643646,injection
 olv,0.18594524451643646,injection
lvid,0.18594524451643646,injection
 vo,0.18574562713608736,injection
ig ,0.185617323683275,injection
ons ,0.18544606906855773,injection
lima,-0.18531096843375267,benign
mul,0.18514837530183498,injection
rent ,-0.1846368063519027,benign
ike ,-0.18462442578192345,benign
 jus,0.18461658964133748,injection
just ,0.18461658964133748,injection
 just,0.18461658964133748,injection
ook,-0.18440381329318897,benign
eren,0.18430222801897808,injection
rmul,0.18411766017714934,injection
formu,0.18411766017714934,injection
ormu,0.18411766017714934,injection
ormul,0.18411766017714934,injection
dei,0.18367781059128427,injection
 dei,0.18367781059128427,injection
dein,0.18367781059128427,injection
 dein,0.18367781059128427,injection
"onen,",0.18329007952333187,injection
zon ,0.18323894352586464,injection
 spd,0.18323894352586464,injection
zon,0.18323894352586464,injection
erate,0.18322441222251,injection
aine?,-0.18316423608203403,benign
 bad,-0.1830289647909486,benign
bad,-0.1830289647909486,benign
no ,0.18293180906437,injection
olv,0.18259436002429352,injection
olvi,0.18259436002429352,injection
lvi,0.18259436002429352,injection
orher,0.18242925121080417,injection
 vorh,0.18242925121080417,injection
vorh,0.18242925121080417,injection
rher,0.18242925121080417,injection
vorhe,0.18242925121080417,injection
orh,0.18242925121080417,injection
orhe,0.18242925121080417,injection
 pla,-0.18238846933478978,benign
 hau,0.18194081197584716,injection
les ,0.1818744429722535,injection
aha ,0.1813183022856097,injection
ates,0.18123192294941784,injection
like ,-0.18111901134251687,benign
lso,0.18111010785902348,injection
also,0.18111010785902348,injection
 also,0.18111010785902348,injection
ktion,0.1810565204842774,injection
ktio,0.1810565204842774,injection
das ,0.18095499500706427,injection
can ,-0.1807015025258911,benign
 can ,-0.1807015025258911,benign
pie,0.1805290953725175,injection
 by ,0.18049179407570679,injection
 by,0.18049179407570679,injection
 ic,-0.18021632720322273,benign
rac,0.18010368319588557,injection
hon ,0.17967469081788193,injection
igu,0.17961181682358376,injection
den ,0.17943920677699574,injection
tag,-0.17906552211935226,benign
 ya,0.17902109523629461,injection
pa ,-0.17868416309359053,benign
opa ,-0.17868416309359053,benign
ropa ,-0.17868416309359053,benign
itt,0.17839722348241172,injection
rage ,0.1781905747924352,injection
u? ,0.17787252109245244,injection
nich,0.17786227362465842,injection
elt,-0.17783672118046467,benign
alten,0.17782708614662737,injection
vide ,0.1777388135288546,injection
nicht,0.17763527912339822,injection
che,-0.17760366267991345,benign
vor. ,0.17735917893633815,injection
avor.,0.17735917893633815,injection
 davo,0.17735917893633815,injection
or.,0.17735917893633815,injection
davo,0.17735917893633815,injection
dav,0.17735917893633815,injection
davor,0.17735917893633815,injection
or. ,0.17735917893633815,injection
vor.,0.17735917893633815,injection
 dav,0.17735917893633815,injection
avor,0.17735917893633815,injection
mit ,0.17734638932725486,injection
ora,0.1772375175124745,injection
mar,-0.17697862782240775,benign
texte,0.1766067592187325,injection
xte,0.1766067592187325,injection
exte,0.1766067592187325,injection
 mic,-0.17634156816085267,benign
 mich,-0.17634156816085267,benign
mich,-0.17634156816085267,benign
en. ,0.17597162959863946,injection
rhe,0.17589958175718892,injection
"r, ",0.17542694659866145,injection
lten ,0.17519207805243256,injection
etend,0.17492796077182024,injection
reten,0.17492796077182024,injection
 pret,0.174362733870024,injection
dri,0.17409405097089625,injection
 dri,0.17409405097089625,injection
tend,0.17401612135327132,injection
ema,0.17395457255938437,injection
rovi,0.17393080611272643,injection
 prov,0.17393080611272643,injection
provi,0.17393080611272643,injection
tend ,0.1727948115234521,injection
 gr,0.1727201503456402,injection
rep,0.172128959947496,injection
iege,0.1716803977318533,injection
 do ,0.17158722515088287,injection
by ,0.17155953659905548,injection
also ,0.17140838603750397,injection
lso ,0.17140838603750397,injection
 code,0.1711991491231867,injection
 cod,0.1711991491231867,injection
 tr,0.17115750127628385,injection
 sv,0.1710951106255607,injection
deine,0.17103372343225656,injection
with ,0.17061985151933046,injection
ith ,0.17061985151933046,injection
kan,-0.17053752744601883,benign
hne,0.17038360322733126,injection
tung,0.17026433626180204,injection
 unw,0.17023653011147655,injection
unw,0.17023653011147655,injection
rdi,0.1701895845289629,injection
 chi,0.16999711452689917,injection
 haus,0.16994867863309737,injection
rheri,0.1698004914837368,injection
er?,-0.16921920259634718,benign
er? ,-0.16921920259634718,benign
es. ,0.16902691958368452,injection
es.,0.16902691958368452,injection
n\n,0.16900647019050216,injection
\n\n,0.16900647019050216,injection
\n\,0.16900647019050216,injection
bad?,-0.16887277837422793,benign
ad?,-0.16887277837422793,benign
 bad?,-0.16887277837422793,benign
 in ,-0.16884374568337024,benign
poli,-0.1688041188236922,benign
pol,-0.1688041188236922,benign
oli,-0.1688041188236922,benign
ald,-0.16840757407537832,benign
ald ,-0.16840757407537832,benign
ako ,0.16838608802401717,injection
ako,0.16838608802401717,injection
don,0.16811211862173103,injection
nic,0.16805634607537248,injection
hon,0.16773633123181678,injection
pla,-0.16763643272668263,benign
"e"" ",0.16751057477162581,injection
sung,0.16747947036386557,injection
 ca,-0.16742159256000655,benign
 and ,0.16698956262338951,injection
gerne,-0.16697383912893976,benign
gern,-0.16697383912893976,benign
erne ,-0.16697383912893976,benign
 gern,-0.16697383912893976,benign
 form,0.16653153669262483,injection
ow ,0.1663837744121146,injection
 even,0.16634042267042393,injection
ma ,0.16622271129778524,injection
welt,-0.16593552111719997,benign
i. ,0.16590957772573653,injection
 ju,0.1659014222528907,injection
hink ,0.16568372821552313,injection
hink,0.16568372821552313,injection
ink ,0.16568372821552313,injection
think,0.16568372821552313,injection
ink,0.16568372821552313,injection
ngen,0.16562479646605313,injection
alem,0.16525286795036287,injection
asti,0.165208572125043,injection
 wa,-0.16512154366954285,benign
 nu,0.16450656265105879,injection
 are,0.16441274713471557,injection
od ,-0.16439564688618719,benign
ood ,-0.16439564688618719,benign
ede,0.16421357688374288,injection
nts ,0.16415421736409228,injection
 ta,0.16390658686776877,injection
hte ,-0.1638806251634064,benign
chte ,-0.1638806251634064,benign
 thin,0.16314932835599913,injection
if ,0.16277679264392605,injection
rne,-0.16270338494862965,benign
mark,-0.16266457563956174,benign
 su,-0.1626097070985442,benign
wit,0.16260267901952602,injection
spie,0.16252629057452525,injection
or?,-0.1623317905179348,benign
or? ,-0.1623317905179348,benign
lten,0.16204299157853236,injection
ion,0.1620358923215763,injection
love ,0.16188712562497143,injection
ge: ,0.16178473947162836,injection
ge:,0.16178473947162836,injection
age: ,0.16178473947162836,injection
rage:,0.16178473947162836,injection
age:,0.16178473947162836,injection
ode ,0.16143207478027405,injection
ke ,-0.16136178935140089,benign
ish ,-0.16135412913549932,benign
gen.,0.16129420294793304,injection
gen. ,0.16129420294793304,injection
d. ,0.16113992738482558,injection
at ,-0.16109007509649884,benign
 sage,0.16102106415442097,injection
sagen,0.16102106415442097,injection
 plan,-0.16089877826675808,benign
ende ,0.1608498123786768,injection
donal,-0.1608335878199761,benign
nald ,-0.1608335878199761,benign
dona,-0.1608335878199761,benign
nald,-0.1608335878199761,benign
 dona,-0.1608335878199761,benign
onald,-0.1608335878199761,benign
onte,0.1607666833022796,injection
 dass,0.16075840406388095,injection
dass ,0.16075840406388095,injection
ass ,0.16075840406388095,injection
dass,0.16075840406388095,injection
viv,0.16068856198636014,injection
sage,0.1606209906591884,injection
ien ,-0.16043386544706503,benign
 com,0.16036855025292737,injection
ntext,0.16029571765595357,injection
ntex,0.16029571765595357,injection
ontex,0.16029571765595357,injection
 der,-0.15994307182404904,benign
bigen,0.15984424005006848,injection
doc,0.1597233637339124,injection
love,0.15965561333117054,injection
lov,0.15965561333117054,injection
 lov,0.15965561333117054,injection
 love,0.15965561333117054,injection
mo ,0.15942347227812256,injection
und,-0.15934622083743874,benign
ment,0.15902231087893234,injection
 rus,-0.15900385434278042,benign
 russ,-0.15900385434278042,benign
russ,-0.15900385434278042,benign
isch,0.15897815905646695,injection
ere,0.15880258898838798,injection
tho,0.15878127340623657,injection
"g, ",0.15877268290006388,injection
 mit ,0.15871436816050713,injection
eas,0.1585996950865993,injection
ech,0.15849120920505477,injection
code ,0.1584820406527374,injection
ons,0.15794279155892504,injection
viel,-0.15780694627352865,benign
 viel,-0.15780694627352865,benign
text ,0.15758084687783144,injection
 ba,-0.1575384962275164,benign
 e ,0.157489841160452,injection
" ""i",0.15736096279047335,injection
erm,-0.1572308903819078,benign
 alt,0.15711932104926585,injection
"st, ",0.15688637312366469,injection
"st,",0.15688637312366469,injection
 tol,0.1567166331341099,injection
tol,0.1567166331341099,injection
ban,0.1566940809358822,injection
rint ,0.15667969571984813,injection
"es,",0.15666944221043913,injection
"es, ",0.15666944221043913,injection
ces ,0.15659125371708196,injection
 no ,0.15649129406702494,injection
ali,0.15622472451333694,injection
rung ,-0.15605304065266842,benign
 ple,0.15605182431236786,injection
 plea,0.15605182431236786,injection
plea,0.15605182431236786,injection
ler ,0.1559738797340896,injection
ike,-0.15570074582464777,benign
rig,0.15546360535253276,injection
sh ,-0.15535076597555136,benign
use,0.1552830630901356,injection
omp,0.15521171644922704,injection
 of,0.15519571454883643,injection
nts.,0.15514990568348816,injection
nts. ,0.15514990568348816,injection
ents.,0.15514990568348816,injection
le ,0.15511954597832317,injection
ren ,0.15510309231209918,injection
erat,0.1548934639646623,injection
 dic,0.15485592760972042,injection
as ,0.15483377660871353,injection
ffe,-0.1548131528222082,benign
erd,0.15463924185362557,injection
sie,0.1545235861814658,injection
eben,-0.1544397136971246,benign
als,0.15435062014458842,injection
mand,0.1539843485212629,injection
hat. ,0.15371049627610253,injection
at.,0.15371049627610253,injection
at. ,0.15371049627610253,injection
that.,0.15371049627610253,injection
hat.,0.15371049627610253,injection
he ,0.1536439168326303,injection
mich ,-0.1535397596093998,benign
ance ,-0.15344753187593596,benign
 pre,0.15343112789333652,injection
ebi,0.15317179788245827,injection
übe,0.15302922974315158,injection
über,0.15302922974315158,injection
rompt,0.15285644407405607,injection
romp,0.15285644407405607,injection
ompt,0.15285644407405607,injection
promp,0.15285644407405607,injection
mpt,0.15285644407405607,injection
ide,0.15282298131855765,injection
 it,0.1528195392127996,injection
ion:,0.1525432705144357,injection
tion:,0.1525432705144357,injection
ion: ,0.1525432705144357,injection
on:,0.1525432705144357,injection
on: ,0.1525432705144357,injection
sent,0.1523848044223843,injection
ates ,0.15235263437476196,injection
hates,0.15235263437476196,injection
uch ,0.15215763243412284,injection
ana,0.15203516300486233,injection
hnen ,0.15190680234307385,injection
hnen,0.15190680234307385,injection
assi,0.1518601222430125,injection
ier,0.15184731681037722,injection
 rol,0.151647926429887,injection
 red,0.15164755440581004,injection
gine,0.15153421701680125,injection
gine ,0.15153421701680125,injection
agine,0.15153421701680125,injection
eese.,0.15153421701680125,injection
ese. ,0.15153421701680125,injection
ese.,0.15153421701680125,injection
schei,0.15132443013002436,injection
chei,0.15132443013002436,injection
 jo,0.15130066945251155,injection
inp,0.15113670173628344,injection
ase,0.15079292900814015,injection
tein,0.1506278748335462,injection
stein,0.1506278748335462,injection
 welt,-0.15059625938430254,benign
sun,0.15032046333872404,injection
ster,0.1500147300964259,injection
rbei,-0.14991151440021377,benign
put,0.14986899473560983,injection
2023,0.14972829631291526,injection
023,0.14972829631291526,injection
 2023,0.14972829631291526,injection
 imag,0.14953332337269606,injection
 ima,0.14953332337269606,injection
agin,0.14953332337269606,injection
magin,0.14953332337269606,injection
imagi,0.14953332337269606,injection
imag,0.14953332337269606,injection
 abl,0.14944502878290772,injection
 able,0.14944502878290772,injection
?? ,-0.1493237900539724,benign
bor,0.14911231428553406,injection
 mö,-0.14899967040319181,benign
"ing, ",0.14870142281469262,injection
"ing,",0.14870142281469262,injection
ieg ,-0.14855402960054354,benign
eg ,-0.14855402960054354,benign
abor,0.1483911317358654,injection
 pyt,0.14818929638797734,injection
 pyth,0.14818929638797734,injection
ython,0.14818929638797734,injection
ytho,0.14818929638797734,injection
thon,0.14818929638797734,injection
pyt,0.14818929638797734,injection
pyth,0.14818929638797734,injection
pytho,0.14818929638797734,injection
 py,0.14818929638797734,injection
thon ,0.14818929638797734,injection
obige,0.14798693346217479,injection
obi,0.14798693346217479,injection
 obi,0.14798693346217479,injection
 ob,0.14798693346217479,injection
 obig,0.14798693346217479,injection
obig,0.14798693346217479,injection
john ,0.147795677333423,injection
lice ,0.147795677333423,injection
ou? ,0.14778539353082226,injection
 you?,0.14778539353082226,injection
ou?,0.14778539353082226,injection
you? ,0.14778539353082226,injection
you?,0.14778539353082226,injection
done,0.14762757472687935,injection
" ""h",0.1473684340722795,injection
erf,0.14725077437546275,injection
be: ,0.14716027428172565,injection
be:,0.14716027428172565,injection
gabe:,0.14716027428172565,injection
abe:,0.14716027428172565,injection
abe: ,0.14716027428172565,injection
 wer ,-0.14691134833897734,benign
ave,-0.1468794855203857,benign
al ,0.14684113805097748,injection
 doc,0.14681322445724584,injection
 docu,0.14681322445724584,injection
chu,-0.14675147295043642,benign
schu,-0.14675147295043642,benign
orie,0.14654064954725496,injection
tze,0.14640416258316094,injection
ple,0.14632397009087425,injection
ion?,-0.14630285850870214,benign
on?,-0.14630285850870214,benign
 ste,0.14600515437321007,injection
 stat,0.14591002317458898,injection
stat,0.14591002317458898,injection
sunge,0.14574001238791645,injection
era,0.14568763694596507,injection
olo,0.1456568706330386,injection
urren,-0.1449036246578891,benign
curr,-0.1449036246578891,benign
curre,-0.1449036246578891,benign
urre,-0.1449036246578891,benign
 curr,-0.1449036246578891,benign
urr,-0.1449036246578891,benign
rrent,-0.1449036246578891,benign
ben? ,-0.14461767776597761,benign
ben?,-0.14461767776597761,benign
eben?,-0.14461767776597761,benign
mpo,0.1445652660408522,injection
age ,0.14447017061591988,injection
omm,0.14441262973503086,injection
"les,",0.14431086983302485,injection
"les, ",0.14431086983302485,injection
rma,-0.14430063221345027,benign
haus ,0.1442108792114093,injection
and. ,0.14418476210829514,injection
and.,0.14418476210829514,injection
 das ,0.14373711796510943,injection
mma,0.1430770177903147,injection
onen,0.14291542658601905,injection
gee,-0.14286371505663503,benign
 tre,0.14276052271117443,injection
rei,0.1425986283205851,injection
not,0.14254049938773156,injection
er ,0.14253542462840166,injection
dich,0.1422473465579104,injection
ann ,-0.14215598328026788,benign
isi,-0.14202547658587128,benign
mman,0.14188090321877608,injection
mmand,0.14188090321877608,injection
omma,0.14188090321877608,injection
omman,0.14188090321877608,injection
comma,0.14188090321877608,injection
 comm,0.14188090321877608,injection
gibt ,-0.14187174186101176,benign
ibt ,-0.14187174186101176,benign
enc,0.14182719054207613,injection
enes,0.14170608567486895,injection
enes ,0.14170608567486895,injection
olo ,0.14170608567486895,injection
 mue,0.14170608567486895,injection
iene,0.14170608567486895,injection
 muer,0.14170608567486895,injection
 tien,0.14170608567486895,injection
solo,0.14170608567486895,injection
ienes,0.14170608567486895,injection
solo ,0.14170608567486895,injection
muert,0.14170608567486895,injection
uert,0.14170608567486895,injection
tiene,0.14170608567486895,injection
muer,0.14170608567486895,injection
mue,0.14170608567486895,injection
 solo,0.14170608567486895,injection
 assi,0.14167455307041527,injection
 ass,0.14167455307041527,injection
nden ,0.14166064876133244,injection
isc,0.14156148985197903,injection
ies ,-0.14116437605826224,benign
but,0.141128738199474,injection
oin,-0.14109710434872313,benign
 ci,-0.14107213106856997,benign
 cit,-0.14107213106856997,benign
el?,-0.14105641739220467,benign
urz.,0.1408124880355998,injection
 seba,0.1408124880355998,injection
seb,0.1408124880355998,injection
basti,0.1408124880355998,injection
bast,0.1408124880355998,injection
astia,0.1408124880355998,injection
 seb,0.1408124880355998,injection
anife,0.1408124880355998,injection
seba,0.1408124880355998,injection
sebas,0.1408124880355998,injection
kurz.,0.1408124880355998,injection
fest,0.1408124880355998,injection
ifes,0.1408124880355998,injection
rz.,0.1408124880355998,injection
manif,0.1408124880355998,injection
ifest,0.1408124880355998,injection
ebast,0.1408124880355998,injection
nifes,0.1408124880355998,injection
ebas,0.1408124880355998,injection
nif,0.1408124880355998,injection
 mani,0.1408124880355998,injection
anif,0.1408124880355998,injection
urz. ,0.1408124880355998,injection
nife,0.1408124880355998,injection
rz. ,0.1408124880355998,injection
tuati,-0.14080798725578325,benign
 situ,-0.14080798725578325,benign
 sit,-0.14080798725578325,benign
tuat,-0.14080798725578325,benign
uati,-0.14080798725578325,benign
situa,-0.14080798725578325,benign
uatio,-0.14080798725578325,benign
situ,-0.14080798725578325,benign
itua,-0.14080798725578325,benign
ituat,-0.14080798725578325,benign
ist,0.14073310415577742,injection
ns ,0.14052569963063302,injection
 ti,0.1405144300121344,injection
 sw,0.1404053675397329,injection
us? ,-0.14038610587041156,benign
rne ,-0.14028509469707795,benign
nnt,-0.14020157818868598,benign
"ng, ",0.13992480489095296,injection
"ng,",0.13992480489095296,injection
but ,0.13982344555036633,injection
lte,0.13981400981968106,injection
prom,0.1398103866204111,injection
 prom,0.1398103866204111,injection
übers,0.13973294772769876,injection
lad,0.13971007131233626,injection
aden,0.13971007131233626,injection
laden,0.13971007131233626,injection
lade,0.13971007131233626,injection
oravi,0.13947596974192186,injection
"cije,",0.13947596974192186,injection
eba ,0.13947596974192186,injection
ebi ,0.13947596974192186,injection
ukc,0.13947596974192186,injection
trukc,0.13947596974192186,injection
"ije, ",0.13947596974192186,injection
zabor,0.13947596974192186,injection
zab,0.13947596974192186,injection
zabo,0.13947596974192186,injection
"je,",0.13947596974192186,injection
"je, ",0.13947596974192186,injection
orav,0.13947596974192186,injection
avi ,0.13947596974192186,injection
 zab,0.13947596974192186,injection
bi ,0.13947596974192186,injection
ba ,0.13947596974192186,injection
 zabo,0.13947596974192186,injection
kcije,0.13947596974192186,injection
kcij,0.13947596974192186,injection
jebi,0.13947596974192186,injection
kci,0.13947596974192186,injection
reba ,0.13947596974192186,injection
svi,0.13947596974192186,injection
vima,0.13947596974192186,injection
svim,0.13947596974192186,injection
vima ,0.13947596974192186,injection
 ako,0.13947596974192186,injection
ravi,0.13947596974192186,injection
ravi ,0.13947596974192186,injection
 ako ,0.13947596974192186,injection
cije,0.13947596974192186,injection
cij,0.13947596974192186,injection
jebi ,0.13947596974192186,injection
jeb,0.13947596974192186,injection
reba,0.13947596974192186,injection
rukci,0.13947596974192186,injection
rukc,0.13947596974192186,injection
borav,0.13947596974192186,injection
ije,0.13947596974192186,injection
"ije,",0.13947596974192186,injection
 treb,0.13947596974192186,injection
ukcij,0.13947596974192186,injection
ukci,0.13947596974192186,injection
vi ,0.13947596974192186,injection
 sve ,0.13947596974192186,injection
 sve,0.13947596974192186,injection
treb,0.13947596974192186,injection
 jebi,0.13947596974192186,injection
 jeb,0.13947596974192186,injection
treba,0.13947596974192186,injection
svima,0.13947596974192186,injection
ima ,0.13947596974192186,injection
sve ,0.13947596974192186,injection
ater ,0.13947596974192186,injection
 svim,0.13947596974192186,injection
 svi,0.13947596974192186,injection
vim,0.13947596974192186,injection
suche,-0.13940485395668556,benign
ot ,0.13930723245139537,injection
har,0.1392167891094674,injection
 ke,0.13920044139721746,injection
ranc,-0.13912905401958,benign
 but,0.13910829155407325,injection
abora,0.1389262304413564,injection
bora,0.1389262304413564,injection
nde ,0.13892543089665732,injection
ieren,0.13835953219800698,injection
igur,0.1382069495047321,injection
gur,0.1382069495047321,injection
aso,0.13800831400568775,injection
ad? ,-0.13796993651812622,benign
eue ,0.1377891522694398,injection
neue ,0.1377891522694398,injection
 but ,0.13777560405740766,injection
3? ,0.13769208709557332,injection
23? ,0.13769208709557332,injection
023? ,0.13769208709557332,injection
.. ,0.13754981066123625,injection
act ,0.13743918990442427,injection
 pw,0.13742764363543217,injection
orr,0.13741105382731406,injection
ai ,0.1373770294070761,injection
tenc,0.137342766201354,injection
ntenc,0.137342766201354,injection
sente,0.137342766201354,injection
 sent,0.137342766201354,injection
tence,0.137342766201354,injection
one. ,0.13731017118128974,injection
one.,0.13731017118128974,injection
rate,0.1372027988640146,injection
cles ,-0.13718482459062145,benign
taly,0.13710684307781082,injection
 swis,0.13710684307781082,injection
swiss,0.13710684307781082,injection
swis,0.13710684307781082,injection
italy,0.13710684307781082,injection
 ita,0.13710684307781082,injection
aly ,0.13710684307781082,injection
 ital,0.13710684307781082,injection
aly,0.13710684307781082,injection
taly ,0.13710684307781082,injection
ries,-0.13709711903786123,benign
ander,0.13705220063642476,injection
 ande,0.13705220063642476,injection
 der ,-0.13658138082532972,benign
 ar,0.13636146715705105,injection
teres,-0.13618356475161933,benign
plan,-0.13618259456432807,benign
put ,0.13597286682696702,injection
tput ,0.13597286682696702,injection
iente,0.13570078616043338,injection
ive,0.13569569868107456,injection
 act ,0.1355708380042059,injection
sit,-0.13541033891387355,benign
prec,0.13537442416722556,injection
 sta,0.13528819743168236,injection
cit,-0.1352786673642314,benign
comm,0.13510172134791995,injection
ne. ,0.13508732747463859,injection
ne.,0.13508732747463859,injection
vie,-0.13506810112574927,benign
lev,0.13506450951532956,injection
nee,0.13504958790599236,injection
ste ,-0.1349578544755117,benign
ffer,-0.13462494624051813,benign
some ,0.1345294433493029,injection
leas,0.13452184906060388,injection
ir? ,-0.13442421012971373,benign
keine,0.13436148756492539,injection
eiten,-0.13428344415391463,benign
eist,0.13385204287794283,injection
\n ,0.13371298198595655,injection
 \n,0.13371298198595655,injection
 gee,-0.13364905465026913,benign
ease,0.1334832381538332,injection
fer,-0.1334724309118728,benign
ark,-0.13341845251538487,benign
 nor,0.13339833376110155,injection
mp. ,0.1333553992159812,injection
ump. ,0.1333553992159812,injection
rump.,0.1333553992159812,injection
mp.,0.1333553992159812,injection
ump.,0.1333553992159812,injection
ines ,0.1332018212844623,injection
iel ,-0.133195255014155,benign
 vi,-0.13317886581578503,benign
stop ,0.13297437355555503,injection
alle?,0.13291722895122554,injection
rum,0.13289681123724364,injection
rou,-0.13283022759602914,benign
revi,0.13277748715208879,injection
ordeu,0.13268330077046037,injection
tein ,0.13268330077046037,injection
rdeu,0.13268330077046037,injection
rdeut,0.13268330077046037,injection
nord,0.13268330077046037,injection
 nord,0.13268330077046037,injection
norde,0.13268330077046037,injection
wer ,0.13250484926085077,injection
 cup,-0.1324186902096728,benign
eten,0.13238725832822718,injection
eform,-0.13232823278612538,benign
tan,0.13214703833761526,injection
 kan,-0.1321301280041496,benign
ohn ,0.1320334402801161,injection
rien,-0.13192234318547746,benign
 hat,0.1319162786586506,injection
eines,0.13188753453167984,injection
si ,0.1317264606965548,injection
 bu,0.13161034677560607,injection
ere ,0.13153307095997968,injection
texts,0.13135287352342484,injection
xts,0.13135287352342484,injection
exts,0.13135287352342484,injection
vegan,-0.1312996980306762,benign
 vega,-0.1312996980306762,benign
 veg,-0.1312996980306762,benign
veg,-0.1312996980306762,benign
vega,-0.1312996980306762,benign
icht ,0.13121206145252517,injection
"!!""",0.13115714065491582,injection
"!!"" ",0.13115714065491582,injection
"!"" ",0.13115714065491582,injection
 od,0.13105318782352587,injection
ian ,0.13092684371888041,injection
 done,0.13087071161685906,injection
 beg,0.13079283117412116,injection
beg,0.13079283117412116,injection
 re,0.13074284582208268,injection
ter. ,0.1307291800186214,injection
ter.,0.1307291800186214,injection
oki,-0.13059308159726823,benign
oking,-0.13059308159726823,benign
okin,-0.13059308159726823,benign
looki,-0.13059308159726823,benign
ooki,-0.13059308159726823,benign
ookin,-0.13059308159726823,benign
 stei,0.13059072721188072,injection
sen? ,-0.13058221520287847,benign
runge,0.13037158620342035,injection
chk,-0.1302548217172492,benign
weis,0.13023440622675714,injection
tten,0.13004287360833666,injection
sto ,0.1298800350009985,injection
good ,-0.12974602215895256,benign
 en ,0.1297182004105179,injection
 di,0.12969506055375576,injection
 min,-0.12953517331637515,benign
ided ,0.12943826842434772,injection
ded ,0.12943826842434772,injection
vided,0.12943826842434772,injection
yin,0.12923088707218514,injection
ding,0.1289088302379745,injection
 neue,0.12890687896313924,injection
"w, ",0.1288826015381567,injection
grü,0.12870239973139164,injection
grün,0.12870239973139164,injection
rün,0.12870239973139164,injection
fes,0.12864690856823935,injection
 told,0.12859091667742845,injection
stell,0.12854302619545732,injection
stel,0.12854302619545732,injection
ided,0.12849362403323736,injection
enden,0.12841857945718205,injection
 at ,0.12837952688174142,injection
lease,0.12817212453464338,injection
pleas,0.12817212453464338,injection
ease ,0.12817212453464338,injection
ührun,0.1281027565476601,injection
agen?,0.1281027565476601,injection
ühru,0.1281027565476601,injection
ühr,0.1281027565476601,injection
kann,-0.12801640729961333,benign
 ol,0.12796818312775587,injection
tua,-0.12789133014561013,benign
essi,-0.12782677597400097,benign
tiv,-0.12775673593256875,benign
esp,0.12751245298498023,injection
 gesa,0.12749227795107548,injection
esa,0.12749227795107548,injection
gesa,0.12749227795107548,injection
jer,0.12747622129717934,injection
 jer,0.12747622129717934,injection
don',0.12743884504813158,injection
on',0.12743884504813158,injection
 don',0.12743884504813158,injection
ato,-0.1272557802786309,benign
refor,-0.12722808451320186,benign
refo,-0.12722808451320186,benign
isung,0.12715928720518146,injection
 anw,0.12715928720518146,injection
isu,0.12715928720518146,injection
isun,0.12715928720518146,injection
eisu,0.12715928720518146,injection
eisun,0.12715928720518146,injection
anw,0.12715928720518146,injection
anwei,0.12715928720518146,injection
 anwe,0.12715928720518146,injection
anwe,0.12715928720518146,injection
nwei,0.12715928720518146,injection
weisu,0.12715928720518146,injection
nweis,0.12715928720518146,injection
nwe,0.12715928720518146,injection
 nur ,0.127109211284107,injection
nur ,0.127109211284107,injection
 not,0.12698499649101294,injection
rren,-0.1268383058729434,benign
owe,0.12683711985978532,injection
s! ,0.1268178477539723,injection
aba,0.12670651961431495,injection
 vie,-0.12662975170030152,benign
 gibt,-0.12659037236699333,benign
gibt,-0.12659037236699333,benign
ibt,-0.12659037236699333,benign
zen,0.12646646648120258,injection
ld ,-0.12621854571902943,benign
com,0.1260289295365838,injection
andy,0.12599287664710274,injection
 andy,0.12599287664710274,injection
andy ,0.12599287664710274,injection
ndy ,0.12599287664710274,injection
"er,",0.12578262379622196,injection
"er, ",0.12578262379622196,injection
ia ,-0.12574999925246902,benign
 wann,-0.1257286755687209,benign
ione,0.12563473997017233,injection
ater,0.12552435282595117,injection
nk ,0.12547187472418592,injection
chn,0.12516997474214012,injection
rdie,0.12509216591478278,injection
erdi,0.12509216591478278,injection
erdie,0.12509216591478278,injection
ten,0.12501366219462864,injection
ente ,0.12497465413933039,injection
nte ,0.12497465413933039,injection
nsi,0.1249357529826549,injection
tell,0.1247467322432422,injection
 nich,0.12458598033582244,injection
iti,-0.1245733578329832,benign
 ok,0.1244246040006753,injection
m. ,0.12442091521298403,injection
 ihr ,-0.12438296975289544,benign
ihr ,-0.12438296975289544,benign
piele,0.1243572313803788,injection
rov,0.12434307016655405,injection
prov,0.12431912657545648,injection
lt?,-0.1242898082886072,benign
lt? ,-0.1242898082886072,benign
 übe,0.12418587306993847,injection
 üb,0.12418587306993847,injection
 über,0.12418587306993847,injection
th ,0.12413512591795745,injection
llen,0.12404616523810941,injection
ens,-0.1240380458018212,benign
 one,0.12393618446368543,injection
 cur,-0.12378277660392038,benign
vents,0.12372335501912357,injection
 zon,0.12357502380207004,injection
 spd ,0.12357502380207004,injection
op:,0.12357502380207004,injection
op: ,0.12357502380207004,injection
 zo,0.12357502380207004,injection
p: ,0.12357502380207004,injection
 zon ,0.12357502380207004,injection
 ro,0.1235067829633883,injection
ndere,0.12349854462984144,injection
cht,0.12349619032203937,injection
kt ,-0.12342467772477483,benign
mer,0.12323266199557398,injection
led,0.12310689824890574,injection
dere,0.12308260081147782,injection
 was,-0.12296520159994587,benign
 hil,0.12290199430066201,injection
hilf,0.12290199430066201,injection
ilf,0.12290199430066201,injection
 hilf,0.12290199430066201,injection
par,-0.12285444014765193,benign
sst ,0.12281918212946595,injection
cur,-0.12278583873862273,benign
"""i ",0.12263903581660635,injection
" ""i ",0.12263903581660635,injection
 rak,0.12259904330595899,injection
we ,0.12258097093200125,injection
 si,0.12253722247491478,injection
exte ,0.12251610882254454,injection
xte ,0.12251610882254454,injection
bal,-0.12250664019772355,benign
 ye,0.12248187408599141,injection
tien,0.12226722652787975,injection
hem,0.12226237603555075,injection
 them,0.12226237603555075,injection
them,0.12226237603555075,injection
order,0.12210479158531098,injection
rder,0.12210479158531098,injection
nit,0.1219650753891993,injection
z. ,0.12170934433875931,injection
ovid,0.12167604386783551,injection
entr,0.12158748858988874,injection
kein,0.12157767161124752,injection
 kein,0.12157767161124752,injection
 kei,0.12157767161124752,injection
 vol,0.12155924752518384,injection
tel ,0.12123097224685943,injection
iv.,0.12123097224685943,injection
 aviv,0.12123097224685943,injection
 avi,0.12123097224685943,injection
rusa,0.12123097224685943,injection
rusal,0.12123097224685943,injection
 tel ,0.12123097224685943,injection
aviv,0.12123097224685943,injection
 jeru,0.12123097224685943,injection
v. ,0.12123097224685943,injection
viv.,0.12123097224685943,injection
usale,0.12123097224685943,injection
usal,0.12123097224685943,injection
aviv.,0.12123097224685943,injection
lem ,0.12123097224685943,injection
alem ,0.12123097224685943,injection
jeru,0.12123097224685943,injection
erusa,0.12123097224685943,injection
jerus,0.12123097224685943,injection
sale,0.12123097224685943,injection
viv. ,0.12123097224685943,injection
erus,0.12123097224685943,injection
salem,0.12123097224685943,injection
iv. ,0.12123097224685943,injection
rten,0.12120177085551721,injection
inat,-0.1210946711367292,benign
les?,0.12103894872824741,injection
cles?,0.12103894872824741,injection
les? ,0.12103894872824741,injection
ensi,0.12099008315708679,injection
 kann,-0.12090420941428852,benign
rli,-0.12081486600748745,benign
 za,0.12080243670464916,injection
chaft,-0.1206394751138469,benign
chaf,-0.1206394751138469,benign
schaf,-0.1206394751138469,benign
 tel,0.12059027697845658,injection
her,0.12056486273909628,injection
 möc,-0.12053462902485892,benign
öcht,-0.12053462902485892,benign
möc,-0.12053462902485892,benign
öchte,-0.12053462902485892,benign
möch,-0.12053462902485892,benign
 möch,-0.12053462902485892,benign
möcht,-0.12053462902485892,benign
 ni,0.1205168889788422,injection
chi,0.12046831482403778,injection
ead,0.12045976917532128,injection
ld? ,-0.12043475890312766,benign
rlin,-0.12041141957457861,benign
 berl,-0.12041141957457861,benign
erlin,-0.12041141957457861,benign
berli,-0.12041141957457861,benign
berl,-0.12041141957457861,benign
efo,0.12010694419866767,injection
are,0.12003923433131883,injection
sche,0.12001725377238302,injection
very ,0.12001584626681332,injection
ery ,0.12001584626681332,injection
ern ,0.11998367577676448,injection
nnt ,-0.11997867353382452,benign
aus? ,-0.11996195242334164,benign
film ,0.1199085195679888,injection
 film,0.1199085195679888,injection
lm ,0.1199085195679888,injection
film,0.1199085195679888,injection
ilm ,0.1199085195679888,injection
ilm,0.1199085195679888,injection
hina ,0.1198784901892863,injection
ding ,0.11981654467502963,injection
it? ,-0.11976051111281721,benign
rance,-0.11974773463873668,benign
eits,-0.11973661016733834,benign
agt,0.11973297044444081,injection
done.,0.11969848853281027,injection
tian,0.11951977404336726,injection
stia,0.11951977404336726,injection
stian,0.11951977404336726,injection
tri,-0.11946971718841691,benign
uche,-0.1194408824953507,benign
eri,0.11939397486300504,injection
cal,0.11917521678029719,injection
fil,0.11916047105936659,injection
 fil,0.11916047105936659,injection
clima,-0.11912015416999472,benign
clim,-0.11912015416999472,benign
imate,-0.11912015416999472,benign
imat,-0.11912015416999472,benign
mate ,-0.11912015416999472,benign
limat,-0.11912015416999472,benign
 clim,-0.11912015416999472,benign
cli,-0.11912015416999472,benign
 cl,-0.11912015416999472,benign
 cli,-0.11912015416999472,benign
oing,-0.11909565022351042,benign
rs ,-0.11906879316648322,benign
diese,0.11906346237171392,injection
iese,0.11906346237171392,injection
lich,-0.11903408647261379,benign
hend,0.11901809368361006,injection
eute ,-0.11894250578765814,benign
eute,-0.11894250578765814,benign
eant,0.11891719730001987,injection
bean,0.11891719730001987,injection
eantw,0.11891719730001987,injection
 bean,0.11891719730001987,injection
beant,0.11891719730001987,injection
 mat,0.11891488859525477,injection
 ru,-0.11888371874259523,benign
wohn,-0.1186659610428899,benign
 wohn,-0.1186659610428899,benign
 woh,-0.1186659610428899,benign
woh,-0.1186659610428899,benign
chne,0.11866153745743105,injection
dustr,-0.11858633911769133,benign
dust,-0.11858633911769133,benign
indu,-0.11858633911769133,benign
indus,-0.11858633911769133,benign
dus,-0.11858633911769133,benign
ndust,-0.11858633911769133,benign
ndus,-0.11858633911769133,benign
alt,0.11858166119096199,injection
ai.,0.11858034857613087,injection
ai. ,0.11858034857613087,injection
inen,0.11845778333769735,injection
ompt ,0.11838173490199244,injection
mpt ,0.11838173490199244,injection
 arbe,-0.1183186878036831,benign
beit,-0.1183186878036831,benign
arbe,-0.1183186878036831,benign
arbei,-0.1183186878036831,benign
 arb,-0.1183186878036831,benign
arb,-0.1183186878036831,benign
rbeit,-0.1183186878036831,benign
"te, ",0.11827562543092651,injection
"te,",0.11827562543092651,injection
olle,0.11818935555266918,injection
st! ,0.11818496432955759,injection
st!,0.11818496432955759,injection
kti,0.11814524755230472,injection
have ,-0.11809446084678148,benign
 hav,-0.11809446084678148,benign
hav,-0.11809446084678148,benign
 have,-0.11809446084678148,benign
have,-0.11809446084678148,benign
onal,-0.11780304808625851,benign
setze,0.11777988441147641,injection
etze,0.11777988441147641,injection
sve,0.11767971468647392,injection
reas,0.11762540927273936,injection
rade ,-0.11757685188716917,benign
rade,-0.11757685188716917,benign
ben ,0.11731367154944758,injection
aine ,-0.1173049115787267,benign
ungen,0.11730428859804783,injection
ident,-0.11729585711371016,benign
siden,-0.11729585711371016,benign
 hu,0.11720623240211317,injection
iall,0.11719789597589284,injection
ially,0.11719789597589284,injection
ische,0.1171934895552365,injection
lfe,0.11710700799137012,injection
viel ,-0.11686632299783943,benign
setz,0.11685840218500856,injection
tung ,0.11682571591070269,injection
roa,-0.11682319507663357,benign
le? ,0.11680169686587404,injection
le?,0.11680169686587404,injection
ionen,0.1166896019010823,injection
alte ,0.11666479774818506,injection
 av,0.1165410579590697,injection
echn,0.11647718367919994,injection
sten ,-0.11639559059432196,benign
ante,0.11633708810358413,injection
edi,0.1163102962672393,injection
ficia,0.11625542994294111,injection
icia,0.11625542994294111,injection
icial,0.11625542994294111,injection
bla,0.11604776986069341,injection
ers ,-0.11602100705629223,benign
 out ,0.11597767108749082,injection
 dich,0.11596590142821514,injection
riti,-0.1159293309850139,benign
teil,-0.11592220676604227,benign
driv,0.1158844297420193,injection
rive ,0.1158844297420193,injection
riv,0.1158844297420193,injection
wiss?,0.1158844297420193,injection
 16,0.1158844297420193,injection
 driv,0.1158844297420193,injection
 16 ,0.1158844297420193,injection
drive,0.1158844297420193,injection
rive,0.1158844297420193,injection
16 ,0.1158844297420193,injection
ffici,0.1158844297420193,injection
dy ,0.11576000899535982,injection
ient,0.11565317879021711,injection
 na,0.11560479877267314,injection
 to ,0.11558533952139087,injection
 gi,-0.11555627515026723,benign
 verf,0.1154736337278217,injection
verf,0.1154736337278217,injection
sagt,0.11524866326883883,injection
ries ,-0.11522495349870933,benign
undes,-0.1150832725656833,benign
bun,-0.1150832725656833,benign
bunde,-0.1150832725656833,benign
 bund,-0.1150832725656833,benign
 bun,-0.1150832725656833,benign
bund,-0.1150832725656833,benign
ave ,-0.11505832298182003,benign
der ,-0.11504355423482807,benign
tion ,0.11503883750530007,injection
ciall,0.1150341201131219,injection
loo,-0.11497571394622062,benign
 loo,-0.11497571394622062,benign
look,-0.11497571394622062,benign
 look,-0.11497571394622062,benign
hn ,0.11493744059136626,injection
not ,0.11493243976217865,injection
xt ,0.11489102214431787,injection
ext ,0.11489102214431787,injection
ausf,0.11486422484158561,injection
usf,0.11486422484158561,injection
 tru,0.11482125331682094,injection
trump,0.11482125331682094,injection
ump,0.11482125331682094,injection
 trum,0.11482125331682094,injection
trum,0.11482125331682094,injection
rump,0.11482125331682094,injection
conte,0.11473773333429861,injection
e! ,0.11472508845994456,injection
p? ,-0.11471907319870452,benign
 ai,0.1146011292619463,injection
ines,0.11458541998083754,injection
ati,-0.11455289809478837,benign
my?,-0.11453685683679045,benign
nomy?,-0.11453685683679045,benign
omy? ,-0.11453685683679045,benign
omy?,-0.11453685683679045,benign
my? ,-0.11453685683679045,benign
esi,-0.1145025790434582,benign
 not ,0.11443227553830078,injection
nd. ,0.11429733747022712,injection
nd.,0.11429733747022712,injection
ige ,0.11429281853452344,injection
p. ,0.11425404239037319,injection
ntere,-0.1140220678163656,benign
is ,-0.11395082491588032,benign
schm,-0.11387138467709819,benign
 we ,0.1137252289530729,injection
 reas,0.11369193286703044,injection
easo,0.11369193286703044,injection
reaso,0.11369193286703044,injection
eason,0.11369193286703044,injection
ason,0.11369193286703044,injection
ely ,0.11365878255498717,injection
nn ,-0.1136218464431385,benign
ught,0.1135938441422934,injection
rol,0.11356277103361287,injection
chke,-0.11348917069379694,benign
hke,-0.11348917069379694,benign
ener,0.11340363369572677,injection
some,0.11333770205446583,injection
 some,0.11333770205446583,injection
som,0.11333770205446583,injection
 som,0.11333770205446583,injection
ball,-0.11330787077766381,benign
chan,-0.11324564458840375,benign
ned,0.11317312180149255,injection
way,0.11312670351896897,injection
 die ,0.11310287244369505,injection
die ,0.11310287244369505,injection
neue,0.11305831976664893,injection
ice ,0.1130328745973929,injection
ler,0.11295972236337726,injection
auch ,0.11293297503701562,injection
 auch,0.11293297503701562,injection
 auc,0.11293297503701562,injection
arkt,-0.11290842869692361,benign
rkt ,-0.11290842869692361,benign
markt,-0.11290842869692361,benign
rkt,-0.11290842869692361,benign
arkt ,-0.11290842869692361,benign
 woul,-0.11276193436050969,benign
wou,-0.11276193436050969,benign
 wou,-0.11276193436050969,benign
woul,-0.11276193436050969,benign
would,-0.11276193436050969,benign
önnt ,-0.11261664928009173,benign
önnt,-0.11261664928009173,benign
könnt,-0.11261664928009173,benign
tur,-0.11255901259763076,benign
such,-0.11253636034161278,benign
lea,0.11252152721346423,injection
iter,0.1121796671011629,injection
argu,0.11206159100981475,injection
 arg,0.11206159100981475,injection
 argu,0.11206159100981475,injection
aina,-0.1119514201017895,benign
zei,0.11183486816209838,injection
 bei,0.11182682838882631,injection
een ,0.11178830430697521,injection
time,-0.11176875658337689,benign
 time,-0.11176875658337689,benign
ime,-0.11176875658337689,benign
ch? ,-0.11164648828946334,benign
hre ,0.11158490758617742,injection
ct ,0.11153192597204023,injection
el? ,-0.1113792966817466,benign
ent ,-0.11132388241354102,benign
"""ha",0.11128347366668809,injection
"""hah",0.11128347366668809,injection
"""haha",0.11128347366668809,injection
wned!,0.11128347366668809,injection
"ed!!""",0.11128347366668809,injection
wne,0.11128347366668809,injection
d!!,0.11128347366668809,injection
pwned,0.11128347366668809,injection
"d!!"" ",0.11128347366668809,injection
" ""ha",0.11128347366668809,injection
" ""hah",0.11128347366668809,injection
 bar ,0.11128347366668809,injection
 pwn,0.11128347366668809,injection
hah,0.11128347366668809,injection
 foo ,0.11128347366668809,injection
ed!,0.11128347366668809,injection
haha ,0.11128347366668809,injection
foo ,0.11128347366668809,injection
ed!!,0.11128347366668809,injection
haha,0.11128347366668809,injection
wned,0.11128347366668809,injection
bar ,0.11128347366668809,injection
pwn,0.11128347366668809,injection
"d!!""",0.11128347366668809,injection
 bar,0.11128347366668809,injection
 pwne,0.11128347366668809,injection
pwne,0.11128347366668809,injection
ned!!,0.11128347366668809,injection
ned!,0.11128347366668809,injection
and,0.11106824811601564,injection
mie,-0.11100528286537495,benign
 isra,-0.11077926126705766,benign
srael,-0.11077926126705766,benign
isra,-0.11077926126705766,benign
israe,-0.11077926126705766,benign
 isr,-0.11077926126705766,benign
ael,-0.11077926126705766,benign
rael,-0.11077926126705766,benign
sra,-0.11077926126705766,benign
srae,-0.11077926126705766,benign
rae,-0.11077926126705766,benign
nut,-0.11074759942111509,benign
lit,-0.11073967971222119,benign
iten,-0.11059658993704195,benign
test,0.11057961831941704,injection
set,0.11056050544091721,injection
 ach,0.11055884441578709,injection
fre,-0.1105324952896532,benign
wann ,-0.11052966477652643,benign
wann,-0.11052966477652643,benign
bwe,0.11039956165695101,injection
bwei,0.11039956165695101,injection
bweic,0.11039956165695101,injection
rukti,0.11039956165695101,injection
uktio,0.11039956165695101,injection
abwei,0.11039956165695101,injection
abw,0.11039956165695101,injection
abwe,0.11039956165695101,injection
ukti,0.11039956165695101,injection
+1 ,0.11039956165695101,injection
chnen,0.11039956165695101,injection
berec,0.11039956165695101,injection
weich,0.11039956165695101,injection
weic,0.11039956165695101,injection
echne,0.11039956165695101,injection
1+1 ,0.11039956165695101,injection
rechn,0.11039956165695101,injection
 1+1 ,0.11039956165695101,injection
 abwe,0.11039956165695101,injection
 abw,0.11039956165695101,injection
racy,0.110379873338145,injection
cracy,0.110379873338145,injection
emocr,0.110379873338145,injection
ocrac,0.110379873338145,injection
crac,0.110379873338145,injection
democ,0.110379873338145,injection
emoc,0.110379873338145,injection
moc,0.110379873338145,injection
mocra,0.110379873338145,injection
mocr,0.110379873338145,injection
ocr,0.110379873338145,injection
ocra,0.110379873338145,injection
acy,0.110379873338145,injection
 pro,0.1103672597862302,injection
ning,0.11034478027899669,injection
nin,0.11034478027899669,injection
suc,-0.11025568442844379,benign
n?. ,0.11013809546808598,injection
en?.,0.11013809546808598,injection
en?. ,0.11013809546808598,injection
n?.,0.11013809546808598,injection
tze ,0.11009352570763928,injection
 was ,-0.11003192780495052,benign
este,-0.11002422369930755,benign
nte,0.10999854710849875,injection
nal ,0.10998817094923792,injection
h: ,0.10998290353657172,injection
ici,0.10989442926835552,injection
 very,0.10979602933976401,injection
ina ,0.10972746246680382,injection
fas,0.10970818041591418,injection
ont,0.1096219857848863,injection
int ,0.1095967008537484,injection
ze ,0.1095479576010377,injection
llor,-0.10947008454391563,benign
"ow, ",0.10944756788645263,injection
"ow,",0.10944756788645263,injection
ngen.,0.10943933278045505,injection
ade ,-0.10943093368160205,benign
bar,0.10932939557687187,injection
 ind,-0.10926175046797718,benign
eall,0.10924236507831699,injection
eally,0.10924236507831699,injection
reall,0.10924236507831699,injection
leb,-0.10916801049033382,benign
ical,0.10908630132598783,injection
band,0.10906979249705483,injection
 refo,-0.10898043980748831,benign
 gre,0.10885499332413923,injection
renc,0.10882605980969089,injection
o? ,0.10874040229372925,injection
n. ,0.10872057887420122,injection
dies,0.10856850688914996,injection
 dies,0.10856850688914996,injection
 im ,0.10854829783621574,injection
im ,0.10854829783621574,injection
itten,0.1085123670473566,injection
chm,-0.10832401468397465,benign
opi,0.10831140785442579,injection
 show,0.1082753994730482,injection
show,0.1082753994730482,injection
een,0.1082719602017486,injection
int,0.10821811012920295,injection
esagt,0.1081897743955433,injection
esag,0.1081897743955433,injection
gesag,0.1081897743955433,injection
etz,0.10818195027171941,injection
oo ,0.10816648580593036,injection
 orde,0.1081420390476458,injection
 ord,0.1081420390476458,injection
unwah,0.10802892822885116,injection
ft! ,0.10802892822885116,injection
ift! ,0.10802892822885116,injection
rmuli,0.10802892822885116,injection
ulie,0.10802892822885116,injection
ulier,0.10802892822885116,injection
liere,0.10802892822885116,injection
wahre,0.10802892822885116,injection
muli,0.10802892822885116,injection
uli,0.10802892822885116,injection
wahr,0.10802892822885116,injection
nwahr,0.10802892822885116,injection
nwa,0.10802892822885116,injection
ift!,0.10802892822885116,injection
nwah,0.10802892822885116,injection
 unwa,0.10802892822885116,injection
mulie,0.10802892822885116,injection
bersc,0.10802892822885116,injection
unwa,0.10802892822885116,injection
rift!,0.10802892822885116,injection
ft!,0.10802892822885116,injection
ase ,0.10801361026373807,injection
us?,-0.10799111298638187,benign
 sei,0.10795093409123858,injection
sei,0.10795093409123858,injection
nun,0.10792698568676827,injection
line?,0.10790514194961255,injection
ms ,-0.1078969907009313,benign
rms,-0.1078969907009313,benign
rms ,-0.1078969907009313,benign
ced,0.10774805391884713,injection
gegen,-0.10768887656943212,benign
gege,-0.10768887656943212,benign
real,0.10764691357674265,injection
 real,0.10764691357674265,injection
 pu,-0.10763580923878463,benign
hts,0.1076100483797051,injection
 mar,-0.1075825430674236,benign
cedin,0.10750708396547558,injection
poem,0.10750708396547558,injection
oem ,0.10750708396547558,injection
cedi,0.10750708396547558,injection
 poem,0.10750708396547558,injection
 prec,0.10750708396547558,injection
 poe,0.10750708396547558,injection
eced,0.10750708396547558,injection
ecedi,0.10750708396547558,injection
poem ,0.10750708396547558,injection
reced,0.10750708396547558,injection
oem,0.10750708396547558,injection
poe,0.10750708396547558,injection
prece,0.10750708396547558,injection
 swi,0.1073264524863718,injection
chen?,-0.1073230389150863,benign
sier,-0.10723673298695623,benign
rat,0.10722230564212944,injection
ori,0.10710474424334625,injection
ld?,-0.10710367301926367,benign
olit,-0.1070520171545979,benign
oliti,-0.1070520171545979,benign
polit,-0.1070520171545979,benign
ien,-0.10700113010004692,benign
rak,0.10690338031955988,injection
 inte,-0.10683467675380606,benign
ers.,0.1067801695713252,injection
ers. ,0.1067801695713252,injection
unge,0.10674450678156391,injection
pande,-0.10668151441380806,benign
pand,-0.10668151441380806,benign
andem,-0.10668151441380806,benign
"den,",0.1066735806748517,injection
"den, ",0.1066735806748517,injection
oun,-0.10661911620908109,benign
 es ,-0.10650077129579788,benign
"chte,",0.1064838617179327,injection
"hte,",0.1064838617179327,injection
"hte, ",0.1064838617179327,injection
lim,-0.10643560554682134,benign
sma,-0.10624812712863753,benign
erse,0.1062451130784121,injection
 evi,0.10616772812197717,injection
 kurz,0.10616215557396963,injection
urz,0.10616215557396963,injection
kurz,0.10616215557396963,injection
 mate,0.10597663615023592,injection
mater,0.10597663615023592,injection
 nic,0.10593744273489636,injection
venti,-0.10579766247741332,benign
h? ,-0.10566087280396311,benign
ders.,0.10541830009500458,injection
rders,0.10541830009500458,injection
 on ,0.10539361851928612,injection
out ,0.10537000003663868,injection
even,0.10530703552556868,injection
opp,0.10525431846060153,injection
 ers,0.10521885146859905,injection
eigne,-0.10516686545698124,benign
eeig,-0.10516686545698124,benign
 geei,-0.10516686545698124,benign
eeign,-0.10516686545698124,benign
eei,-0.10516686545698124,benign
geeig,-0.10516686545698124,benign
geei,-0.10516686545698124,benign
gnet,-0.10516686545698124,benign
ignet,-0.10516686545698124,benign
or ,0.10507379871817443,injection
 leb,-0.10500462908336429,benign
ern,-0.10495960317056605,benign
 indu,-0.10484486706635746,benign
ning ,0.10481957162378916,injection
sia,-0.104796772243466,benign
cri,-0.10477515233125757,benign
sen?.,0.10477288713280138,injection
 aus,0.1046658518682541,injection
ood.,0.1045506940629473,injection
ood. ,0.1045506940629473,injection
od. ,0.1045506940629473,injection
od.,0.1045506940629473,injection
good.,0.1045506940629473,injection
orldc,0.10450092858127082,injection
 2028,0.10450092858127082,injection
028? ,0.10450092858127082,injection
8? ,0.10450092858127082,injection
2028?,0.10450092858127082,injection
2028,0.10450092858127082,injection
rldc,0.10450092858127082,injection
028?,0.10450092858127082,injection
028,0.10450092858127082,injection
rldcu,0.10450092858127082,injection
28? ,0.10450092858127082,injection
28?,0.10450092858127082,injection
geb,-0.10444342481641204,benign
erst,0.10440766151210874,injection
oft,-0.10432342951179921,benign
erte,0.10422864219916414,injection
usw,-0.10414437357581993,benign
 ausw,-0.10414437357581993,benign
ausw,-0.10414437357581993,benign
 aus ,0.10400228381303525,injection
ugh,0.10399625640846029,injection
 ren,-0.10390520463307792,benign
iegen,0.10389957760824202,injection
liege,0.10389957760824202,injection
lieg,0.10389957760824202,injection
"""th",0.10368950168150778,injection
"""the",0.10368950168150778,injection
" ""t",0.10368950168150778,injection
"""the ",0.10368950168150778,injection
" ""th",0.10368950168150778,injection
" ""the",0.10368950168150778,injection
rku,-0.10345839675705995,benign
beits,-0.10328923859888431,benign
eiche,0.10317462733880217,injection
rie,-0.10317417679791609,benign
reb,0.10312378507481695,injection
late ,0.10310227695071036,injection
ome ,0.10306705462780792,injection
ers,0.10300134810602937,injection
oth,0.10297690586535503,injection
itik,-0.10282975423731204,benign
itik ,-0.10282975423731204,benign
litik,-0.10282975423731204,benign
ik ,-0.10282975423731204,benign
tik ,-0.10282975423731204,benign
tian ,0.10279534563023675,injection
topic,0.10271793003911099,injection
 topi,0.10271793003911099,injection
pic,0.10271793003911099,injection
topi,0.10271793003911099,injection
opic,0.10271793003911099,injection
erfo,0.10264849863090678,injection
erfor,0.10264849863090678,injection
rfor,0.10264849863090678,injection
rfo,0.10264849863090678,injection
y?.,0.10263619298246505,injection
y?. ,0.10263619298246505,injection
rog,-0.10257304585585723,benign
ndy,0.10250752966539171,injection
late,0.10248910360727324,injection
reis,-0.10242102649026809,benign
reise,-0.10242102649026809,benign
efor,0.10233647739283985,injection
ices ,0.10223474208845165,injection
ices,0.10223474208845165,injection
dent,-0.10213877754768447,benign
ook ,-0.10208438193723188,benign
ilfe ,0.1019704890014052,injection
lfe ,0.1019704890014052,injection
hilfe,0.1019704890014052,injection
ilfe,0.1019704890014052,injection
ents ,0.10189964293604545,injection
oti,-0.10178593606259904,benign
ted ,-0.10177719301388442,benign
 one ,0.10166170515279892,injection
 fl,0.10164701123807753,injection
stei,0.10158865993938998,injection
hum,0.10155822365856565,injection
huma,0.10155822365856565,injection
 huma,0.10155822365856565,injection
 hum,0.10155822365856565,injection
human,0.10155822365856565,injection
uma,0.10155822365856565,injection
uman,0.10155822365856565,injection
erset,0.10154686616171055,injection
rset,0.10154686616171055,injection
rsetz,0.10154686616171055,injection
eu ,-0.10145817730430533,benign
 bin,-0.10144479607872725,benign
bin,-0.10144479607872725,benign
head,0.1014260778354044,injection
 head,0.1014260778354044,injection
rt ,0.10135388005228105,injection
lor,-0.10134652532165979,benign
cus,0.10117201416060556,injection
tries,-0.1011099138997597,benign
igne,-0.10103419778363933,benign
rtes,0.10099312728619815,injection
 go,-0.1009750012343323,benign
ulat,0.1009031862363119,injection
ess ,0.10088758555103465,injection
mag,0.10086247474374578,injection
magi,0.10086247474374578,injection
nity,0.10084737929114221,injection
anity,0.10084737929114221,injection
anit,0.10084737929114221,injection
inan,-0.10081958655062691,benign
finan,-0.10081958655062691,benign
fina,-0.10081958655062691,benign
 fina,-0.10081958655062691,benign
pea,0.10076781657252959,injection
jahr,-0.10072629924512558,benign
 jah,-0.10072629924512558,benign
jah,-0.10072629924512558,benign
 jahr,-0.10072629924512558,benign
sse ,0.10062031731703876,injection
ender,0.10047579541454786,injection
bers,0.10041186584962083,injection
ngel,-0.10033895792315038,benign
angel,-0.10033895792315038,benign
len.,0.10030964759648789,injection
len. ,0.10030964759648789,injection
 loc,-0.09998772567177673,benign
 deci,0.09993613805385576,injection
empo?,0.09993613805385576,injection
antes,0.09993613805385576,injection
empo,0.09993613805385576,injection
iempo,0.09993613805385576,injection
iemp,0.09993613805385576,injection
dec,0.09993613805385576,injection
deci,0.09993613805385576,injection
decir,0.09993613805385576,injection
 digo,0.09993613805385576,injection
mpo?,0.09993613805385576,injection
ecir,0.09993613805385576,injection
tiemp,0.09993613805385576,injection
mpo? ,0.09993613805385576,injection
rto ,0.09993613805385576,injection
rto,0.09993613805385576,injection
 ante,0.09993613805385576,injection
digo,0.09993613805385576,injection
digo ,0.09993613805385576,injection
igo ,0.09993613805385576,injection
lvide,0.09993613805385576,injection
igo,0.09993613805385576,injection
 tiem,0.09993613805385576,injection
uerto,0.09993613805385576,injection
ntes,0.09993613805385576,injection
po? ,0.09993613805385576,injection
po?,0.09993613805385576,injection
 dec,0.09993613805385576,injection
ecir ,0.09993613805385576,injection
erto,0.09993613805385576,injection
tiem,0.09993613805385576,injection
erto ,0.09993613805385576,injection
ntes ,0.09993613805385576,injection
cir ,0.09993613805385576,injection
cir,0.09993613805385576,injection
edin,0.09977111760485578,injection
eding,0.09977111760485578,injection
rte ,0.09963257003507375,injection
orte ,0.09963257003507375,injection
 schm,-0.09960085639670553,benign
lar,-0.09958537167522162,benign
wn ,0.0995632698504003,injection
own ,0.0995632698504003,injection
 man,0.09942801290188942,injection
seh,0.09939368468835041,injection
 ange,-0.09927881626506156,benign
 -ele,0.09909364492740012,injection
-elec,0.09909364492740012,injection
esto,0.09909364492740012,injection
esto ,0.09909364492740012,injection
-ele,0.09909364492740012,injection
-el,0.09909364492740012,injection
festo,0.09909364492740012,injection
 re ,0.09909364492740012,injection
 -el,0.09909364492740012,injection
 -e,0.09909364492740012,injection
ppen,0.09909189068341086,injection
enn ,0.09907073636208517,injection
lema,0.09900058784133622,injection
leman,0.09900058784133622,injection
iere ,0.09892780115503604,injection
ichen,0.09890990610850596,injection
bst,0.09890170946024945,injection
 own,0.0988336030421286,injection
 own ,0.0988336030421286,injection
 ow,0.0988336030421286,injection
ael?,-0.09864885506902965,benign
rael?,-0.09864885506902965,benign
ael? ,-0.09864885506902965,benign
plan ,-0.09863474567215634,benign
lan ,-0.09863474567215634,benign
ss?,0.09845755583098798,injection
iss?,0.09845755583098798,injection
mula,0.09845628162314676,injection
mulat,0.09845628162314676,injection
putin,-0.09839099092676877,benign
puti,-0.09839099092676877,benign
ening,0.09837882543666508,injection
enin,0.09837882543666508,injection
peni,0.09837882543666508,injection
ppeni,0.09837882543666508,injection
penin,0.09837882543666508,injection
eni,0.09837882543666508,injection
mir,-0.09830809565734173,benign
 mir,-0.09830809565734173,benign
 gut.,0.09823465237584009,injection
gut.,0.09823465237584009,injection
gut. ,0.09823465237584009,injection
erec,0.09818413715059801,injection
erech,0.09818413715059801,injection
ref,-0.09816928806857358,benign
play,0.09810800816922441,injection
dich ,0.09804731000667628,injection
hema,0.09801449626389101,injection
thema,0.09801449626389101,injection
rbe,-0.09797420493123571,benign
eler,0.09796318682310598,injection
rolle,0.09787332038030576,injection
stry,-0.09782069991380364,benign
stry ,-0.09782069991380364,benign
ustr,-0.09779719166028869,benign
eit ,0.09779574943521907,injection
ado,-0.09760442019209568,benign
adolf,-0.09760442019209568,benign
olf,-0.09760442019209568,benign
olf ,-0.09760442019209568,benign
adol,-0.09760442019209568,benign
 es,-0.0975271019104548,benign
many.,0.09751376676144742,injection
urs,-0.09736657057574542,benign
ant ,0.09736030347767813,injection
 spi,0.09723588706611686,injection
 spie,0.09723588706611686,injection
rec,0.09719140306485793,injection
rn ,0.09714837719421537,injection
ps ,-0.09704010449185631,benign
ut.,0.09699160464581681,injection
ut. ,0.09699160464581681,injection
hy ,0.09685908506769922,injection
ffi,0.09677942700103426,injection
 offi,0.09677942700103426,injection
ffic,0.09677942700103426,injection
offi,0.09677942700103426,injection
offic,0.09677942700103426,injection
writt,0.09676922100280456,injection
piel,0.09663188100408984,injection
spiel,0.09663188100408984,injection
liti,-0.09658477593873555,benign
ritt,0.09649969739769404,injection
erung,-0.09645475554268362,benign
erun,-0.09645475554268362,benign
topp,0.09643166072356796,injection
stopp,0.09643166072356796,injection
 figu,0.09641204306235422,injection
figu,0.09641204306235422,injection
figur,0.09641204306235422,injection
 fig,0.09641204306235422,injection
fig,0.09641204306235422,injection
hr ,-0.09639397989329963,benign
stag,-0.0963201670130861,benign
ence,0.09612710596116372,injection
gte,0.09612252416224935,injection
sagte,0.09612252416224935,injection
agte,0.09612252416224935,injection
wort ,0.09609925721406797,injection
len,0.0960696764073531,injection
 chan,-0.09597967988094402,benign
nse,-0.09597021239476779,benign
bove?,0.09595917695790385,injection
ove? ,0.09595917695790385,injection
ove?,0.09595917695790385,injection
est! ,0.09587907294427842,injection
est!,0.09587907294427842,injection
best!,0.09587907294427842,injection
addit,0.09584795333280001,injection
prä,-0.09583477539759441,benign
-te,0.09582797015491203,injection
ausg,0.09579195727372601,injection
usg,0.09579195727372601,injection
ute,-0.09574353800790583,benign
sehr ,0.09573975200614604,injection
 sehr,0.09573975200614604,injection
sehr,0.09573975200614604,injection
ce?,-0.09568126438675552,benign
ce? ,-0.09568126438675552,benign
use ,0.09566003592347944,injection
u. ,0.09565334078179047,injection
ort ,0.09551779373508416,injection
hel,0.09541744263384144,injection
ft ,-0.0953929977386109,benign
ente,0.09532470214828954,injection
zt ,0.09531485060961849,injection
jet,0.09531485060961849,injection
jetz,0.09531485060961849,injection
jetzt,0.09531485060961849,injection
 jet,0.09531485060961849,injection
 jetz,0.09531485060961849,injection
etzt ,0.09531485060961849,injection
tzt ,0.09531485060961849,injection
sten,-0.09526006861064794,benign
uld,-0.09522784150919444,benign
rste,0.09520780297234477,injection
erste,0.09520780297234477,injection
wah,0.09513251993835428,injection
ou'v,0.09510019076348021,injection
ou've,0.09510019076348021,injection
ou',0.09510019076348021,injection
've,0.09510019076348021,injection
've ,0.09510019076348021,injection
 you',0.09510019076348021,injection
deb,0.09503994010745562,injection
fic,0.09499725000628402,injection
don't,0.09499061792038883,injection
on't ,0.09499061792038883,injection
on't,0.09499061792038883,injection
dite,0.0949851803992389,injection
itu,-0.09498478955798277,benign
sive,0.09490823797888312,injection
sive ,0.09490823797888312,injection
siv,0.09490823797888312,injection
 hö,0.09488399894256584,injection
 stel,0.09487509189255713,injection
lau,0.09482928278776905,injection
uche ,-0.09473593179793688,benign
iese ,0.09472220852326187,injection
lat,0.09470147940745492,injection
need ,0.0946757764348964,injection
ani,0.09452145857879997,injection
ece,0.09444689692007624,injection
ous ,0.09440395144387298,injection
ebe,-0.09422235099729907,benign
relev,0.09419037724677319,injection
rele,0.09419037724677319,injection
port,0.09418001331589171,injection
chtig,0.09410505964525238,injection
chti,0.09410505964525238,injection
ichti,0.09410505964525238,injection
hti,0.09410505964525238,injection
htig,0.09410505964525238,injection
ious,0.09404975225934702,injection
iou,0.09404975225934702,injection
sport,-0.09400765634630412,benign
spor,-0.09400765634630412,benign
city,-0.09400401124970298,benign
 city,-0.09400401124970298,benign
 untr,0.09398777591379086,injection
rue,0.09398777591379086,injection
ntru,0.09398777591379086,injection
ntrue,0.09398777591379086,injection
rmula,0.09398777591379086,injection
adlin,0.09398777591379086,injection
adli,0.09398777591379086,injection
rue ,0.09398777591379086,injection
 come,0.09393460023245498,injection
pt ,0.09373928420888768,injection
ited ,-0.09367929267616772,benign
ited,-0.09367929267616772,benign
k: ,0.09366175911422799,injection
änder,-0.09365414681606704,benign
ände,-0.09365414681606704,benign
tal,0.0936314792616603,injection
ect,-0.09362371638664152,benign
 sen,0.09361473922744419,injection
time ,-0.09357164291896716,benign
ime ,-0.09357164291896716,benign
nteil,-0.0935688449181654,benign
ntei,-0.0935688449181654,benign
aband,0.09353983641076531,injection
ndon,0.09353983641076531,injection
ndo,0.09353983641076531,injection
aban,0.09353983641076531,injection
ando,0.09353983641076531,injection
andon,0.09353983641076531,injection
bando,0.09353983641076531,injection
 aba,0.09353983641076531,injection
 aban,0.09353983641076531,injection
an?,-0.09349146808112876,benign
an? ,-0.09349146808112876,benign
fai,-0.09343224759995648,benign
lam,0.09334901993402812,injection
ious ,0.09332321966829173,injection
vious,0.09332321966829173,injection
evio,0.09332321966829173,injection
revio,0.09332321966829173,injection
previ,0.09332321966829173,injection
viou,0.09332321966829173,injection
eviou,0.09332321966829173,injection
in ,-0.09330870334014121,benign
thou,0.09330826445942034,injection
sland,-0.0932290186519761,benign
ompl,0.0931898004614788,injection
compl,0.0931898004614788,injection
ese ,0.09311547738351643,injection
ber ,0.09302953458075672,injection
rgu,0.0929956635831213,injection
isse ,0.09291220352233605,injection
vio,0.09280027652709369,injection
ask: ,0.0927623217862611,injection
task:,0.0927623217862611,injection
ask:,0.0927623217862611,injection
sk: ,0.0927623217862611,injection
sk:,0.0927623217862611,injection
uswi,-0.09269323552675718,benign
auswi,-0.09269323552675718,benign
irk,-0.09269323552675718,benign
irku,-0.09269323552675718,benign
swirk,-0.09269323552675718,benign
rkun,-0.09269323552675718,benign
wirk,-0.09269323552675718,benign
wirku,-0.09269323552675718,benign
kung,-0.09269323552675718,benign
kunge,-0.09269323552675718,benign
uswir,-0.09269323552675718,benign
irkun,-0.09269323552675718,benign
rkung,-0.09269323552675718,benign
swir,-0.09269323552675718,benign
energ,-0.09253906338901904,benign
nerg,-0.09253906338901904,benign
 ener,-0.09253906338901904,benign
 ene,-0.09253906338901904,benign
 yay ,0.09253903714702016,injection
yay,0.09253903714702016,injection
 yay,0.09253903714702016,injection
yay ,0.09253903714702016,injection
öch,-0.09250751315755225,benign
 age ,0.0925000320521204,injection
hnun,-0.09247956201392499,benign
hnung,-0.09247956201392499,benign
wohnu,-0.09247956201392499,benign
hnu,-0.09247956201392499,benign
ohnun,-0.09247956201392499,benign
ohnu,-0.09247956201392499,benign
ichk,-0.09244907513861644,benign
hkei,-0.09244907513861644,benign
ichke,-0.09244907513861644,benign
chkei,-0.09244907513861644,benign
ögl,-0.09244907513861644,benign
lichk,-0.09244907513861644,benign
öglic,-0.09244907513861644,benign
ögli,-0.09244907513861644,benign
mögl,-0.09244907513861644,benign
mög,-0.09244907513861644,benign
mögli,-0.09244907513861644,benign
hkeit,-0.09244907513861644,benign
dt ,-0.09242281029083677,benign
tat,0.09239301497385013,injection
rel,0.09229505701067649,injection
uti,-0.09226523641159003,benign
termi,0.09219971222606693,injection
rmin,0.09219971222606693,injection
ermin,0.09219971222606693,injection
inal,0.09219971222606693,injection
ermi,0.09219971222606693,injection
minal,0.09219971222606693,injection
rmina,0.09219971222606693,injection
pasta,-0.09219160355913476,benign
asta,-0.09219160355913476,benign
habe ,-0.09214098264423613,benign
auc,0.09206639984755267,injection
auch,0.09206639984755267,injection
ind,-0.09195687271119514,benign
esta,-0.09194607308939472,benign
essie,-0.09186727368567926,benign
eress,-0.09186727368567926,benign
ress,-0.09186727368567926,benign
ressi,-0.09186727368567926,benign
ful ,0.09186446298960035,injection
ul ,0.09186446298960035,injection
ung ,-0.09182768999855369,benign
cha,-0.09177156078377052,benign
adl,0.09167255944404955,injection
ulate,0.09167255944404955,injection
del,-0.09166662452145362,benign
ely,0.09164344957450352,injection
kete,0.09157261869263338,injection
keten,0.09157261869263338,injection
aket,0.09157261869263338,injection
akete,0.09157261869263338,injection
raket,0.09157261869263338,injection
sisch,0.09157261869263338,injection
flieg,0.09157261869263338,injection
 rake,0.09157261869263338,injection
nsisc,0.09157261869263338,injection
sisc,0.09157261869263338,injection
rake,0.09157261869263338,injection
ensis,0.09157261869263338,injection
nensi,0.09157261869263338,injection
nsis,0.09157261869263338,injection
ful,0.09151935733952553,injection
deren,0.09138176743689534,injection
plete,0.0913322168535485,injection
plet,0.0913322168535485,injection
mplet,0.0913322168535485,injection
etely,0.0913322168535485,injection
omple,0.0913322168535485,injection
etel,0.0913322168535485,injection
lete,0.0913322168535485,injection
letel,0.0913322168535485,injection
tely ,0.0913322168535485,injection
 op,-0.09128902483681019,benign
 sol,0.09124798530973674,injection
sol,0.09124798530973674,injection
ahre ,0.09121523387114654,injection
eff,-0.09119696719855681,benign
effe,-0.09119696719855681,benign
chend,0.09115911269386756,injection
hend ,0.09115911269386756,injection
orm,0.09115316397241388,injection
tieg,-0.09110278916222757,benign
tieg ,-0.09110278916222757,benign
stie,-0.09110278916222757,benign
stieg,-0.09110278916222757,benign
riend,-0.09101359777773443,benign
iend,-0.09101359777773443,benign
fri,-0.09101359777773443,benign
frie,-0.09101359777773443,benign
frien,-0.09101359777773443,benign
lac,-0.09084152106187843,benign
nung,-0.09080840643590496,benign
eat ,0.09078224769935538,injection
ppe,0.090752223699069,injection
 fre,-0.09074296463882121,benign
 ma,0.09072456545832784,injection
abl,0.09069750518846256,injection
eginn,0.09069646937787088,injection
ginn,0.09069646937787088,injection
eres,-0.09066271285293398,benign
rten ,0.09061765284666465,injection
 don,0.09049234081134545,injection
ian,0.09048232379085888,injection
 blam,-0.09047027049712504,benign
 radi,0.09044331482971259,injection
 begi,0.09041395119607301,injection
egin,0.09041395119607301,injection
begin,0.09041395119607301,injection
begi,0.09041395119607301,injection
 pol,-0.09039376735834409,benign
 poli,-0.09039376735834409,benign
 use ,0.09028814097485341,injection
ner,0.09028029128748238,injection
g? ,-0.09025566098892551,benign
way ,0.09024340864016767,injection
was,-0.09016404843813298,benign
yin ,0.09015748013141588,injection
omyi,0.09015748013141588,injection
myin ,0.09015748013141588,injection
omyin,0.09015748013141588,injection
myin,0.09015748013141588,injection
nomyi,0.09015748013141588,injection
myi,0.09015748013141588,injection
lgen ,0.09011898701313656,injection
 mark,-0.09002916514549662,benign
mpf,-0.09002024921147125,benign
esid,-0.09000846551686956,benign
presi,-0.09000846551686956,benign
resi,-0.09000846551686956,benign
resid,-0.09000846551686956,benign
eside,-0.09000846551686956,benign
rav,0.08994295984932807,injection
meine,-0.08993385403079604,benign
orma,0.08992029350361701,injection
nze,0.08991095470047514,injection
zeig,0.08991095470047514,injection
zeige,0.08991095470047514,injection
ert,0.08985540271122805,injection
erli,-0.08973204753219383,benign
richt,0.08969275922111627,injection
rich,0.08969275922111627,injection
gen? ,0.08964405522973985,injection
gen?,0.08964405522973985,injection
ist ,0.08961438721994129,injection
laue,0.08956548854521806,injection
blaue,0.08956548854521806,injection
edakt,0.08956548854521806,injection
blau,0.08956548854521806,injection
dakti,0.08956548854521806,injection
reden,0.08956548854521806,injection
eden ,0.08956548854521806,injection
rede,0.08956548854521806,injection
 reda,0.08956548854521806,injection
redak,0.08956548854521806,injection
 rede,0.08956548854521806,injection
edak,0.08956548854521806,injection
eda,0.08956548854521806,injection
dakt,0.08956548854521806,injection
 blau,0.08956548854521806,injection
assi ,0.08956548854521806,injection
 sond,0.08956548854521806,injection
aue ,0.08956548854521806,injection
reda,0.08956548854521806,injection
ndern,0.08956548854521806,injection
dak,0.08956548854521806,injection
aktio,0.08956548854521806,injection
ssi ,0.08956548854521806,injection
usst ,0.08956548854521806,injection
dern ,0.08956548854521806,injection
dern,0.08956548854521806,injection
laue ,0.08956548854521806,injection
itish,-0.08948619466369252,benign
tish,-0.08948619466369252,benign
tish ,-0.08948619466369252,benign
 job,-0.08947213811633854,benign
job,-0.08947213811633854,benign
ntion,-0.08944779123669117,benign
ntio,-0.08944779123669117,benign
entio,-0.08944779123669117,benign
it?,-0.08940630643902153,benign
 fr,0.08934627419846915,injection
icy,-0.08922314625646574,benign
olicy,-0.08922314625646574,benign
licy,-0.08922314625646574,benign
tig,0.08915156325847907,injection
 wei,0.08909435767321812,injection
hrift,0.08903080599249762,injection
rschr,0.08903080599249762,injection
rift,0.08903080599249762,injection
chrif,0.08903080599249762,injection
hrif,0.08903080599249762,injection
 fi,0.08902430151217859,injection
cat,-0.08891082212935687,benign
eue,0.08888275805625731,injection
uat,-0.08877691707264262,benign
eign,-0.08864511334679648,benign
atte,0.08863189740226468,injection
ndu,-0.08859115060911356,benign
ptio,-0.08848021280426459,benign
pti,-0.08848021280426459,benign
 opt,-0.08848021280426459,benign
optio,-0.08848021280426459,benign
opti,-0.08848021280426459,benign
 opti,-0.08848021280426459,benign
ption,-0.08848021280426459,benign
opt,-0.08848021280426459,benign
 such,-0.08846903279236651,benign
ee ,0.08846793107449044,injection
ject,-0.08844360001997562,benign
jec,-0.08844360001997562,benign
"ist,",0.08844359779645575,injection
"ist, ",0.08844359779645575,injection
" ist,",0.08844359779645575,injection
form,0.08841149997540124,injection
 ang,-0.08839778419515482,benign
slan,-0.08834249872258594,benign
emo,0.08824310529497004,injection
arg,0.08815660024890014,injection
ck ,-0.08815452403079811,benign
ellen,0.08811846337979465,injection
ard,0.08809426353134261,injection
usi,0.08808688333602042,injection
elt? ,-0.08798822643351202,benign
elt?,-0.08798822643351202,benign
oder,0.08789661002923192,injection
 any,0.0878751935457977,injection
ce ,0.08780368469618145,injection
 goi,-0.08776147335791146,benign
goin,-0.08776147335791146,benign
 goin,-0.08776147335791146,benign
going,-0.08776147335791146,benign
goi,-0.08776147335791146,benign
chh,0.08775606096832153,injection
s?. ,0.08772857098166303,injection
s?.,0.08772857098166303,injection
tione,0.08770051430103352,injection
role,0.08766206281280818,injection
 role,0.08766206281280818,injection
o. ,0.08764238440026507,injection
zun,0.0876375993185672,injection
" , ",0.08759676434363828,injection
spieg,0.08753939033014668,injection
egel ,0.08753939033014668,injection
iegel,0.08753939033014668,injection
piege,0.08753939033014668,injection
egel,0.08753939033014668,injection
pieg,0.08753939033014668,injection
 kli,-0.08751811678759183,benign
 klim,-0.08751811678759183,benign
klim,-0.08751811678759183,benign
kli,-0.08751811678759183,benign
klima,-0.08751811678759183,benign
geg,-0.08751754989707493,benign
ehr ,0.08749668661375616,injection
eati,-0.08748859065070662,benign
eativ,-0.08748859065070662,benign
reati,-0.08748859065070662,benign
 ref,-0.08748796799687522,benign
rse ,-0.08747071086056626,benign
ak ,0.08744491416512488,injection
"hing,",0.0874415250422348,injection
keite,-0.08741385451737714,benign
asks,0.08740211629791778,injection
was ,-0.08737879248956958,benign
rst,0.08730186229155476,injection
ohn:,0.08729050789580214,injection
hn:,0.08729050789580214,injection
ice: ,0.08729050789580214,injection
hn: ,0.08729050789580214,injection
ohn: ,0.08729050789580214,injection
ce:,0.08729050789580214,injection
john:,0.08729050789580214,injection
ce: ,0.08729050789580214,injection
ice:,0.08729050789580214,injection
lice:,0.08729050789580214,injection
ole,0.08728019211834963,injection
spon,0.08720598229033032,injection
espo,0.08720598229033032,injection
espon,0.08720598229033032,injection
pon,0.08720598229033032,injection
 resp,0.08720598229033032,injection
resp,0.08720598229033032,injection
respo,0.08720598229033032,injection
oing ,-0.08719624645611516,benign
rom,0.08718099169531497,injection
nce ,-0.0871289011673018,benign
etzte,-0.08709097031234302,benign
tzte,-0.08709097031234302,benign
 letz,-0.08709097031234302,benign
letz,-0.08709097031234302,benign
letzt,-0.08709097031234302,benign
zte,-0.08709097031234302,benign
forma,0.08705945891335526,injection
sks,0.08702672330612904,injection
 mad,0.08701061561321799,injection
mad,0.08701061561321799,injection
 atom,-0.0869314742625198,benign
 ato,-0.0869314742625198,benign
atom,-0.0869314742625198,benign
offer,-0.08692248174664627,benign
 up,0.08690134823608481,injection
gute,-0.08689416626605101,benign
 gute,-0.08689416626605101,benign
igit,-0.0868919245073448,benign
digi,-0.0868919245073448,benign
digit,-0.0868919245073448,benign
git,-0.0868919245073448,benign
 digi,-0.0868919245073448,benign
nme,0.08686983977659864,injection
mand ,0.08677897893058266,injection
icu,-0.08673497614413957,benign
icul,-0.08673497614413957,benign
rech,0.08673333794406689,injection
 wir ,0.08663665355753306,injection
wir ,0.08663665355753306,injection
 kon,0.08657076187382523,injection
kon,0.08657076187382523,injection
"se""",0.08654592965907919,injection
"se"" ",0.08654592965907919,injection
f'),0.08651663180643619,injection
oof'),0.08651663180643619,injection
terp,0.08651663180643619,injection
xecut,0.08651663180643619,injection
oof,0.08651663180643619,injection
oof',0.08651663180643619,injection
') ,0.08651663180643619,injection
int(,0.08651663180643619,injection
f') ,0.08651663180643619,injection
xec,0.08651663180643619,injection
and:,0.08651663180643619,injection
erpre,0.08651663180643619,injection
mand:,0.08651663180643619,injection
erpr,0.08651663180643619,injection
t(',0.08651663180643619,injection
t('sp,0.08651663180643619,injection
ecu,0.08651663180643619,injection
t('s,0.08651663180643619,injection
ecute,0.08651663180643619,injection
ecut,0.08651663180643619,injection
nterp,0.08651663180643619,injection
terpr,0.08651663180643619,injection
xecu,0.08651663180643619,injection
and: ,0.08651663180643619,injection
 exe,0.08651663180643619,injection
 exec,0.08651663180643619,injection
of'),0.08651663180643619,injection
of') ,0.08651663180643619,injection
doo,0.08651663180643619,injection
doof,0.08651663180643619,injection
of',0.08651663180643619,injection
doof',0.08651663180643619,injection
reter,0.08651663180643619,injection
int(',0.08651663180643619,injection
'spd ,0.08651663180643619,injection
nt(,0.08651663180643619,injection
('spd,0.08651663180643619,injection
('s,0.08651663180643619,injection
 doof,0.08651663180643619,injection
 doo,0.08651663180643619,injection
nt('s,0.08651663180643619,injection
nt(',0.08651663180643619,injection
cute ,0.08651663180643619,injection
d: ,0.08651663180643619,injection
exe,0.08651663180643619,injection
'sp,0.08651663180643619,injection
('sp,0.08651663180643619,injection
exec,0.08651663180643619,injection
'spd,0.08651663180643619,injection
cute,0.08651663180643619,injection
eter.,0.08651663180643619,injection
execu,0.08651663180643619,injection
nd: ,0.08651663180643619,injection
nd:,0.08651663180643619,injection
rint(,0.08651663180643619,injection
rpret,0.08651663180643619,injection
rpre,0.08651663180643619,injection
rpr,0.08651663180643619,injection
how,0.08646833883209376,injection
30 ,-0.0864304570264,benign
 30 ,-0.0864304570264,benign
nute,-0.0864304570264,benign
 30,-0.0864304570264,benign
ond ,0.0863356412178377,injection
 suc,-0.08632917948919457,benign
cont,0.08632779520455296,injection
 cont,0.08632779520455296,injection
ion ,0.0863076915505733,injection
nt.,0.08628492519838096,injection
nt. ,0.08628492519838096,injection
eiter,0.08621642450539516,injection
show ,0.08607286889584655,injection
enn,0.08604925322162096,injection
tten ,0.0859635848681696,injection
tack,-0.08588034773330132,benign
attac,-0.08588034773330132,benign
atta,-0.08588034773330132,benign
 atta,-0.08588034773330132,benign
tac,-0.08588034773330132,benign
tta,-0.08588034773330132,benign
ttac,-0.08588034773330132,benign
ttack,-0.08588034773330132,benign
mis,-0.08582403651266438,benign
auto,-0.0857765236323921,benign
uto,-0.0857765236323921,benign
ecti,-0.08571247063556478,benign
an ,0.0857039338838316,injection
vol,0.08567732045343184,injection
land.,0.0854895983491973,injection
net,-0.08544051532866295,benign
änd,-0.08540994440410711,benign
ad ,0.0853183910289077,injection
 hap,0.08530011346969492,injection
happe,0.08530011346969492,injection
happ,0.08530011346969492,injection
appen,0.08530011346969492,injection
 happ,0.08530011346969492,injection
appe,0.08530011346969492,injection
ir?,-0.0852717393446562,benign
cut,0.08521929129637681,injection
rüne,0.08517975354780426,injection
 grü,0.08517975354780426,injection
rünen,0.08517975354780426,injection
grüne,0.08517975354780426,injection
ünen ,0.08517975354780426,injection
üne,0.08517975354780426,injection
 grün,0.08517975354780426,injection
ünen,0.08517975354780426,injection
da ,0.08517309831005687,injection
op ,0.08514255623228002,injection
 wen,0.08512223687842972,injection
 wenn,0.08512223687842972,injection
wenn ,0.08512223687842972,injection
wenn,0.08512223687842972,injection
ogra,-0.08509763359216889,benign
ogr,-0.08509763359216889,benign
gne,-0.08509076248194183,benign
wonde,-0.0850086132955637,benign
wond,-0.0850086132955637,benign
 wond,-0.0850086132955637,benign
n.. ,0.08499868828326762,injection
en..,0.08499868828326762,injection
n..,0.08499868828326762,injection
en.. ,0.08499868828326762,injection
 mer,0.08498345345436308,injection
term,0.08497487169677218,injection
 roll,0.0849507502587554,injection
"ed, ",0.08491363939580884,injection
"ed,",0.08491363939580884,injection
rman?,-0.08478533790534527,benign
rn?,-0.08476892324699606,benign
rn? ,-0.08476892324699606,benign
ern? ,-0.08476892324699606,benign
ern?,-0.08476892324699606,benign
irt,-0.08468687661496786,benign
ften,-0.08463642258366012,benign
ause,0.08462267288569228,injection
aus?,-0.08457045985348989,benign
 aus?,-0.08457045985348989,benign
hul,-0.0845680734862667,benign
chul,-0.0845680734862667,benign
 schu,-0.0845680734862667,benign
schul,-0.0845680734862667,benign
erv,0.08456692109493981,injection
top ,0.08431742611542514,injection
mes,0.08430766503237008,injection
nden,0.0842350890137472,injection
 befe,0.08421889625188786,injection
befeh,0.08421889625188786,injection
befe,0.08421889625188786,injection
efehl,0.08421889625188786,injection
efeh,0.08421889625188786,injection
gum,0.08419559007818292,injection
argum,0.08419559007818292,injection
gume,0.08419559007818292,injection
gumen,0.08419559007818292,injection
rgume,0.08419559007818292,injection
rgum,0.08419559007818292,injection
gnete,-0.08409611056722198,benign
im. ,0.08403728095775487,injection
"ted,",0.08403728095775487,injection
 musl,0.08403728095775487,injection
heist,0.08403728095775487,injection
lim.,0.08403728095775487,injection
lim. ,0.08403728095775487,injection
" ted,",0.08403728095775487,injection
 ted,0.08403728095775487,injection
"ted, ",0.08403728095775487,injection
slim.,0.08403728095775487,injection
slim,0.08403728095775487,injection
im.,0.08403728095775487,injection
theis,0.08403728095775487,injection
hter,0.08403728095775487,injection
usli,0.08403728095775487,injection
uslim,0.08403728095775487,injection
musli,0.08403728095775487,injection
musl,0.08403728095775487,injection
athei,0.08403728095775487,injection
hter ,0.08403728095775487,injection
 ath,0.08403728095775487,injection
 athe,0.08403728095775487,injection
nmen,0.08400245089243404,injection
nment,0.08400245089243404,injection
ei ,0.08391870084230313,injection
est ,0.08389793915248861,injection
lish ,-0.08383806387772803,benign
duc,-0.0838243775798005,benign
ital,0.08380905102012824,injection
omi,-0.08379364459814012,benign
mes ,0.08376934647120975,injection
 kom,0.0837126998759229,injection
 komm,0.0837126998759229,injection
sia ,-0.08362357928514194,benign
 acc,0.0835863160371417,injection
uspi,0.08354646844273644,injection
chaus,0.08354646844273644,injection
chau,0.08354646844273644,injection
schau,0.08354646844273644,injection
 scha,0.08354646844273644,injection
hausp,0.08354646844273644,injection
auspi,0.08354646844273644,injection
uspie,0.08354646844273644,injection
ausp,0.08354646844273644,injection
ieler,0.08354646844273644,injection
 mi,-0.08350148161792216,benign
rding,0.08349400917890434,injection
orten,0.08348945612027643,injection
cht ,0.08345015636828766,injection
ukt,0.08343715629047364,injection
egen ,0.08338030238649541,injection
rlin ,-0.08335819764076831,benign
lin ,-0.08335819764076831,benign
agi,0.08331560090096793,injection
rdin,0.08321600374366517,injection
reu,-0.083082426487168,benign
 seh,0.08306569313465126,injection
lear,-0.0830097495394326,benign
efe,0.083008191681581,injection
ngab,0.08299518456352684,injection
ngabe,0.08299518456352684,injection
beste,-0.08298865688256121,benign
sal,0.0829407188130635,injection
gur ,0.08283822086740232,injection
igur ,0.08283822086740232,injection
athe,0.08283342417793876,injection
sli,0.08283342417793876,injection
ath,0.08283342417793876,injection
andel,-0.0828130720128122,benign
ndel,-0.0828130720128122,benign
ari,0.08273084436578779,injection
 voll,0.08255526940501652,injection
agte ,0.08253941668434357,injection
 tot ,0.08253941668434357,injection
 tot,0.08253941668434357,injection
rbs,0.08251501872751094,injection
oder ,0.08251501872751094,injection
aftla,0.08251501872751094,injection
"rbst,",0.08251501872751094,injection
rbst,0.08251501872751094,injection
"aden,",0.08251501872751094,injection
aden ,0.08251501872751094,injection
hen? ,-0.08248745744539814,benign
hen?,-0.08248745744539814,benign
cul,-0.08245230208949864,benign
ne? ,-0.0824462699893706,benign
ne?,-0.0824462699893706,benign
ine?,-0.0824462699893706,benign
ine? ,-0.0824462699893706,benign
oes ,-0.08234007339638295,benign
does ,-0.08234007339638295,benign
 ce,0.08227421354597386,injection
\n\n ,0.08224225730182476,injection
hase ,-0.0822342234519099,benign
hase,-0.0822342234519099,benign
orl,0.08220418681199897,injection
ster ,0.08209476748435424,injection
sat,0.08207131180339909,injection
mid,-0.0820678343501678,benign
ntr,0.08195491737357738,injection
ack ,-0.0819411139089512,benign
got,-0.08191265911433988,benign
 geb,-0.08189416329215139,benign
ser,-0.08188220768028447,benign
"hen,",0.0818280505377157,injection
"hen, ",0.0818280505377157,injection
nie,-0.0816686048524356,benign
erhal,0.08157908441534911,injection
agen ,0.08157908441534911,injection
rhal,0.08157908441534911,injection
right,-0.08157399754239787,benign
righ,-0.08157399754239787,benign
 les,0.08155837676170055,injection
red ,-0.08150855393149908,benign
ions ,0.08150196420757937,injection
 let,-0.08143004237492911,benign
cal ,0.08142394486447882,injection
ical ,0.08142394486447882,injection
uss,-0.08139402695501768,benign
tre,0.08138294226993695,injection
 muss,0.08136478949333813,injection
muss,0.08136478949333813,injection
does,-0.08128451847134574,benign
doe,-0.08128451847134574,benign
 doe,-0.08128451847134574,benign
 does,-0.08128451847134574,benign
oes,-0.08128451847134574,benign
air? ,-0.08119366032704663,benign
ahren,-0.08114240825677398,benign
qui ,0.08111513744438176,injection
oubl,0.08111513744438176,injection
oubli,0.08111513744438176,injection
allem,0.08111513744438176,injection
 tout,0.08111513744438176,injection
"y, ",0.08108513222981242,injection
pare,-0.08106390025235478,benign
"me, ",0.08103249315265439,injection
"me,",0.08103249315265439,injection
 for ,-0.08103049049296272,benign
for ,-0.08103049049296272,benign
rke,-0.08099255616059309,benign
ausst,-0.08099071284564885,benign
auss,-0.08099071284564885,benign
ssti,-0.08099071284564885,benign
sstie,-0.08099071284564885,benign
ussti,-0.08099071284564885,benign
rukt,0.08098932874967137,injection
trukt,0.08098932874967137,injection
rfass,0.080844116572191,injection
edig,0.080844116572191,injection
verfa,0.080844116572191,injection
fass,0.080844116572191,injection
rfas,0.080844116572191,injection
ledig,0.080844116572191,injection
erfas,0.080844116572191,injection
ledi,0.080844116572191,injection
le.,0.08082410243662476,injection
le. ,0.08082410243662476,injection
 reg,-0.08077496388892204,benign
russi,-0.08075808935053085,benign
ssia,-0.08075808935053085,benign
ussia,-0.08075808935053085,benign
 wic,0.0807468812943041,injection
 wich,0.0807468812943041,injection
wich,0.0807468812943041,injection
wicht,0.0807468812943041,injection
ny.,0.08071839012042313,injection
any.,0.08071839012042313,injection
ny. ,0.08071839012042313,injection
any. ,0.08071839012042313,injection
polic,-0.08067205561179824,benign
olic,-0.08067205561179824,benign
ldc,0.08066871341101661,injection
et? ,-0.08050391540400072,benign
et?,-0.08050391540400072,benign
 rent,-0.0804486942619018,benign
ained,0.08044304901198558,injection
 trai,0.08044304901198558,injection
exi,-0.0804381544687496,benign
anima,-0.0804352003223866,benign
nim,-0.0804352003223866,benign
anim,-0.0804352003223866,benign
nima,-0.0804352003223866,benign
nimal,-0.0804352003223866,benign
sing,-0.08032768557352565,benign
sing ,-0.08032768557352565,benign
 old,-0.08027592656047168,benign
fici,0.08026309258789563,injection
ber,0.0802163190268537,injection
marke,-0.08021289847759308,benign
arket,-0.08021289847759308,benign
arke,-0.08021289847759308,benign
rket,-0.08021289847759308,benign
lli,0.08019046327433052,injection
rove ,-0.0801645909263326,benign
k. ,0.08014846726173255,injection
fle,-0.08008655911556829,benign
pond,0.08004504639787267,injection
spond,0.08004504639787267,injection
 reis,-0.08002941182888343,benign
tie,0.08001831463468181,injection
omen,-0.07999615870183907,benign
eise,-0.07998113412150137,benign
lte ,0.07995693830173878,injection
bea,0.07994859605385178,injection
 bea,0.07994859605385178,injection
 akt,-0.0799175682694687,benign
quie,-0.07986681346843025,benign
ters,0.07979053528300772,injection
heore,0.07978558612717054,injection
theor,0.07978558612717054,injection
etica,0.07978558612717054,injection
retic,0.07978558612717054,injection
heo,0.07978558612717054,injection
oreti,0.07978558612717054,injection
heor,0.07978558612717054,injection
 theo,0.07978558612717054,injection
oret,0.07978558612717054,injection
etic,0.07978558612717054,injection
eore,0.07978558612717054,injection
theo,0.07978558612717054,injection
eoret,0.07978558612717054,injection
 erfo,0.07971572108334102,injection
iend ,-0.07970053994478817,benign
och,-0.07964152606099435,benign
eiben,0.07961978620685348,injection
iben,0.07961978620685348,injection
iben ,0.07961978620685348,injection
nces,0.0796019683725444,injection
ences,0.0796019683725444,injection
rden,0.07958687071917928,injection
ritte,0.07956412309382246,injection
cula,-0.0795434073184388,benign
cular,-0.0795434073184388,benign
arly ,-0.0795434073184388,benign
larly,-0.0795434073184388,benign
rticu,-0.0795434073184388,benign
larl,-0.0795434073184388,benign
arly,-0.0795434073184388,benign
icula,-0.0795434073184388,benign
ularl,-0.0795434073184388,benign
arl,-0.0795434073184388,benign
ticu,-0.0795434073184388,benign
ticul,-0.0795434073184388,benign
parti,-0.0795434073184388,benign
rotec,-0.07952802095805508,benign
otect,-0.07952802095805508,benign
rote,-0.07952802095805508,benign
tecti,-0.07952802095805508,benign
prot,-0.07952802095805508,benign
prote,-0.07952802095805508,benign
otec,-0.07952802095805508,benign
 prot,-0.07952802095805508,benign
wiss,0.07947434681047319,injection
wis,0.07947434681047319,injection
rze,-0.0794647178661336,benign
mein,-0.0794448197735594,benign
 mein,-0.0794448197735594,benign
s: ,0.07941928254554688,injection
neu ,-0.07941638457355887,benign
 neu ,-0.07941638457355887,benign
oub,0.07939665395408566,injection
nce,-0.07939641462273875,benign
nclu,0.07938699543344561,injection
ncl,0.07938699543344561,injection
clu,0.07938699543344561,injection
rld? ,-0.07933773992299267,benign
 nee,0.07930080535283154,injection
need,0.07930080535283154,injection
 need,0.07930080535283154,injection
heißt,0.07907607788119667,injection
 heiß,0.07907607788119667,injection
ißt,0.07907607788119667,injection
eißt,0.07907607788119667,injection
ißt ,0.07907607788119667,injection
eiß,0.07907607788119667,injection
 hei,0.07907607788119667,injection
eißt ,0.07907607788119667,injection
ßt ,0.07907607788119667,injection
heiß,0.07907607788119667,injection
lt ,-0.07881646789621073,benign
ation,-0.07879923495538436,benign
atio,-0.07879923495538436,benign
demo,0.07877578325288084,injection
rev,0.07865797423367671,injection
anti,0.07863670714787778,injection
cia,0.07861734654803347,injection
strie,-0.07850737370445478,benign
"on, ",0.07846883786014383,injection
"on,",0.07846883786014383,injection
 were,0.07841041624340225,injection
were ,0.07841041624340225,injection
 up ,0.07841041624340225,injection
etw,0.07839139410791339,injection
t-te,0.07837817040336133,injection
t-t,0.07837817040336133,injection
pt-t,0.07837817040336133,injection
pt-,0.07837817040336133,injection
-text,0.07837817040336133,injection
-tex,0.07837817040336133,injection
pt-te,0.07837817040336133,injection
ompt-,0.07837817040336133,injection
mpt-t,0.07837817040336133,injection
t-tex,0.07837817040336133,injection
mpt-,0.07837817040336133,injection
mera,0.07837121080366419,injection
nwä,0.078361278825516,injection
nwäh,0.078361278825516,injection
nwähl,0.078361278825516,injection
opp ,0.078361278825516,injection
 unwä,0.078361278825516,injection
achtu,0.078361278825516,injection
 ausg,0.07835040662944866,injection
iem,0.0781420829709984,injection
ense,-0.07803901884601008,benign
kte ,0.07800551809370165,injection
ss? ,0.07795235516586335,injection
iss? ,0.07795235516586335,injection
ch?,-0.07785578812078642,benign
offen,0.07778963752161452,injection
prog,-0.07776916554857745,benign
gram,-0.07776916554857745,benign
rogr,-0.07776916554857745,benign
rogra,-0.07776916554857745,benign
progr,-0.07776916554857745,benign
ram,-0.07776916554857745,benign
ogram,-0.07776916554857745,benign
"re,",0.07768202026273223,injection
"re, ",0.07768202026273223,injection
ones,0.07767566255368306,injection
ela,-0.07766623161929982,benign
lla,0.0776092007229881,injection
enha,0.07760677485224593,injection
enh,0.07760677485224593,injection
nha,0.07760677485224593,injection
tatt,-0.07759893358723406,benign
statt,-0.07759893358723406,benign
rs. ,0.07758562094816499,injection
rs.,0.07758562094816499,injection
orld ,0.07757313232396564,injection
rld ,0.07757313232396564,injection
il ,0.07756962773091397,injection
regio,-0.07750398070377552,benign
egion,-0.07750398070377552,benign
egio,-0.07750398070377552,benign
 regi,-0.07750398070377552,benign
regi,-0.07750398070377552,benign
pond ,0.07747160427984069,injection
elp,0.07744654477615427,injection
lp ,0.07744654477615427,injection
elp ,0.07744654477615427,injection
 help,0.07744654477615427,injection
help ,0.07744654477615427,injection
help,0.07744654477615427,injection
rster,0.07741982303090392,injection
forms,-0.07739173774245474,benign
orms,-0.07739173774245474,benign
orms ,-0.07739173774245474,benign
acht,0.0772454523723986,injection
sche ,0.07721919044527459,injection
ants,0.07716297596680607,injection
ants ,0.07716297596680607,injection
 kre,-0.07710226946710724,benign
kurs,-0.07689555772849065,benign
ancel,-0.0768396556972847,benign
nt? ,-0.07682287342418456,benign
nt?,-0.07682287342418456,benign
 mal ,0.07681998355638847,injection
taina,-0.07673215117666361,benign
 sus,-0.07673215117666361,benign
stain,-0.07673215117666361,benign
stai,-0.07673215117666361,benign
sust,-0.07673215117666361,benign
sus,-0.07673215117666361,benign
 sust,-0.07673215117666361,benign
ustai,-0.07673215117666361,benign
usta,-0.07673215117666361,benign
susta,-0.07673215117666361,benign
ainab,-0.07673215117666361,benign
ebat,0.07672071492495341,injection
 deba,0.07672071492495341,injection
debat,0.07672071492495341,injection
deba,0.07672071492495341,injection
 deb,0.07672071492495341,injection
pic ,0.07672067149399642,injection
opic ,0.07672067149399642,injection
und ,-0.07666832700703856,benign
inn ,-0.07661062410593956,benign
ange,-0.07652655331043279,benign
ace,-0.0765196341363585,benign
eich,0.07648841483822535,injection
eic,0.07648841483822535,injection
eing,0.07635720331875313,injection
ote,-0.07625605381641062,benign
kind,-0.07623703315349552,benign
 kin,-0.07623703315349552,benign
 kind,-0.07623703315349552,benign
nping,0.07618484240401112,injection
jin,0.07618484240401112,injection
"ping,",0.07618484240401112,injection
inpi,0.07618484240401112,injection
npi,0.07618484240401112,injection
 jin,0.07618484240401112,injection
xi ,0.07618484240401112,injection
 xi ,0.07618484240401112,injection
jinpi,0.07618484240401112,injection
inpin,0.07618484240401112,injection
 xi,0.07618484240401112,injection
 jinp,0.07618484240401112,injection
 ji,0.07618484240401112,injection
npin,0.07618484240401112,injection
jinp,0.07618484240401112,injection
" ""zo",0.07609991070484437,injection
" ""z",0.07609991070484437,injection
"""zon ",0.07609991070484437,injection
"""zon",0.07609991070484437,injection
" spd""",0.07609991070484437,injection
"""zo",0.07609991070484437,injection
"pd""",0.07609991070484437,injection
"pd"" ",0.07609991070484437,injection
" ""zon",0.07609991070484437,injection
tell ,0.07605646979089951,injection
ny? ,-0.07600888847904642,benign
ny?,-0.07600888847904642,benign
any? ,-0.07600888847904642,benign
many?,-0.07600888847904642,benign
any?,-0.07600888847904642,benign
eil,-0.07598445732598763,benign
flie,0.07595984017980847,injection
 flie,0.07595984017980847,injection
 at,0.07593863025487589,injection
sens,-0.07589456319888344,benign
""", ",0.07588636445065537,injection
anis,0.07583750276464743,injection
panis,0.07583750276464743,injection
ovi,0.07572376530723515,injection
tent,0.07571445941066164,injection
 use,0.07557102708919551,injection
ic ,0.07555772755517368,injection
"ey,",0.07552960454416445,injection
 ben ,0.07552960454416445,injection
"ey, ",0.07552960454416445,injection
russl,-0.07548649343191634,benign
ssla,-0.07548649343191634,benign
ussl,-0.07548649343191634,benign
sslan,-0.07548649343191634,benign
ssl,-0.07548649343191634,benign
ussla,-0.07548649343191634,benign
leben,-0.07538054766835887,benign
lebe,-0.07538054766835887,benign
heir,-0.07528195434971807,benign
eir,-0.07528195434971807,benign
 en,0.07526655190444922,injection
 plac,-0.07524632405503628,benign
 tou,0.07518038098478684,injection
 bin ,-0.0751632619740544,benign
bin ,-0.0751632619740544,benign
 res,0.07508806557789434,injection
ily,0.07507713448310455,injection
versc,-0.07503596448186962,benign
kann ,-0.07503498689985669,benign
ive ,0.07496157139316988,injection
eun,-0.07494611611465014,benign
eund,-0.07494611611465014,benign
reund,-0.07494611611465014,benign
reun,-0.07494611611465014,benign
freun,-0.07494611611465014,benign
freu,-0.07494611611465014,benign
trend,-0.07483542767722987,benign
smar,-0.07481815082348525,benign
smark,-0.07481815082348525,benign
ag ,-0.07480672085155875,benign
tag ,-0.07480672085155875,benign
kre,-0.07478684705286726,benign
""". ",0.07477121528689004,injection
rt? ,-0.07475107062856344,benign
won,-0.07472341761131684,benign
rest,-0.07469642468130909,benign
spe,0.07464964469998792,injection
nten,0.07463419995810958,injection
geben,-0.07462685510664079,benign
atten,0.07461172281801899,injection
satz,0.0745689312082079,injection
g! ,0.07456529916686629,injection
ean,0.07450659996546286,injection
beso,-0.0744519331402365,benign
 beso,-0.0744519331402365,benign
esond,-0.0744519331402365,benign
eson,-0.0744519331402365,benign
beson,-0.0744519331402365,benign
nto ,0.07442170191520497,injection
 into,0.07442170191520497,injection
into ,0.07442170191520497,injection
nto,0.07442170191520497,injection
into,0.07442170191520497,injection
inal ,0.07438614728739518,injection
mat,0.0743451701888489,injection
ace? ,-0.07434182697486226,benign
 took,-0.07434182697486226,benign
ace?,-0.07434182697486226,benign
 am ,-0.07431133706699476,benign
asse,0.07426371728817197,injection
 rad,0.0741810789334257,injection
ted,-0.07414494166270212,benign
adi,0.07413259333744832,injection
hack,0.07407004790070372,injection
 hac,0.07407004790070372,injection
 hack,0.07407004790070372,injection
hac,0.07407004790070372,injection
erze,-0.07405638122273289,benign
reca,-0.07398570225997599,benign
recar,-0.07398570225997599,benign
aff,-0.07398570225997599,benign
olz,-0.07398570225997599,benign
olz ,-0.07398570225997599,benign
 wire,-0.07398570225997599,benign
ssier,-0.07394677261549479,benign
ssie,-0.07394677261549479,benign
ef ,-0.07387359117838431,benign
ubi,0.07384036619894364,injection
 setz,0.07380552543575028,injection
etze ,0.07380552543575028,injection
place,-0.07379269203161519,benign
lace,-0.07379269203161519,benign
plac,-0.07379269203161519,benign
ick,-0.07375278653256873,benign
ntwic,-0.07369688115994116,benign
ntwi,-0.07369688115994116,benign
 entw,-0.07369688115994116,benign
twic,-0.07369688115994116,benign
wick,-0.07369688115994116,benign
twick,-0.07369688115994116,benign
entwi,-0.07369688115994116,benign
entw,-0.07369688115994116,benign
ardi,0.07364595405072874,injection
ardin,0.07364595405072874,injection
regar,0.07364595405072874,injection
rega,0.07364595405072874,injection
inati,-0.0736411664837685,benign
ccina,-0.0736411664837685,benign
cinat,-0.0736411664837685,benign
cina,-0.0736411664837685,benign
 vac,-0.0736411664837685,benign
 vacc,-0.0736411664837685,benign
ccin,-0.0736411664837685,benign
vacc,-0.0736411664837685,benign
vacci,-0.0736411664837685,benign
vac,-0.0736411664837685,benign
acci,-0.0736411664837685,benign
accin,-0.0736411664837685,benign
 bur,0.0735895731832945,injection
 br,-0.07355357543400355,benign
 bes,-0.07346311799976293,benign
ein?,0.07344738414250099,injection
 spe,0.07342833487016873,injection
tom,-0.07341350093205212,benign
 tu,0.07340467312731945,injection
tzen,0.07339443140552425,injection
rts,-0.07338442624163599,benign
rece,0.07335711204629897,injection
 spo,-0.0733500536126546,benign
 spor,-0.0733500536126546,benign
jahre,-0.07333167416808144,benign
orre,0.07330960991698902,injection
 wee,-0.07327721648521805,benign
 week,-0.07327721648521805,benign
ext. ,0.07325545158247886,injection
text.,0.07325545158247886,injection
xt. ,0.07325545158247886,injection
xt.,0.07325545158247886,injection
ext.,0.07325545158247886,injection
 ber,-0.07319344790639223,benign
ular,-0.07318626951641523,benign
test ,0.07315311003877911,injection
 mac,-0.07310189078837831,benign
 mach,-0.07310189078837831,benign
nsive,0.0731011808141869,injection
nsiv,0.0731011808141869,injection
einen,0.07305954997785764,injection
inen ,0.07305954997785764,injection
lay,0.07305751903761623,injection
grea,0.07292598343992526,injection
great,0.07292598343992526,injection
 grea,0.07292598343992526,injection
ste,0.07289559909797001,injection
 geg,-0.07283332049572827,benign
 acto,0.07282091519075268,injection
inc,0.07279919426369934,injection
on? ,-0.07278584810540438,benign
ion? ,-0.07278584810540438,benign
rieg ,-0.07276911181939438,benign
rieg,-0.07276911181939438,benign
 set,0.07266379863850159,injection
eich ,-0.07263061272177902,benign
gre,0.07258378296418293,injection
uten,-0.07256733556050175,benign
uten ,-0.07256733556050175,benign
ipe,-0.07253415776445712,benign
eed ,0.07252894783849605,injection
lier,0.07252678834695848,injection
repe,0.07249730297564613,injection
 thou,0.07249730297564613,injection
ought,0.07249730297564613,injection
 tho,0.07249730297564613,injection
peat ,0.07249730297564613,injection
peat,0.07249730297564613,injection
repea,0.07249730297564613,injection
trie,-0.07248168198083726,benign
haf,-0.0724559855850097,benign
haft,-0.0724559855850097,benign
nurs,-0.07244901417131032,benign
siere,-0.07243825280569932,benign
unde,-0.07238675770890096,benign
fahr,-0.07235074446731711,benign
fah,-0.07235074446731711,benign
 impf,-0.07228989529311453,benign
impf,-0.07228989529311453,benign
imm,0.07228026032762787,injection
 imm,0.07228026032762787,injection
ich? ,-0.07225986148840864,benign
pro,0.07223041760338728,injection
gaben,0.07212349355016656,injection
onz,0.07208961495399954,injection
konze,0.07208961495399954,injection
trier,0.07208961495399954,injection
entri,0.07208961495399954,injection
onzen,0.07208961495399954,injection
 konz,0.07208961495399954,injection
zentr,0.07208961495399954,injection
zent,0.07208961495399954,injection
nzent,0.07208961495399954,injection
onze,0.07208961495399954,injection
konz,0.07208961495399954,injection
nzen,0.07208961495399954,injection
-wm,-0.07204050805831812,benign
-wm ,-0.07204050805831812,benign
all-w,-0.07204050805831812,benign
k? ,-0.07194971274341679,benign
ieb,0.07190108216836132,injection
men ,-0.07178353788567966,benign
urc,-0.0717382488367297,benign
urch,-0.0717382488367297,benign
 neu,0.07172744164247406,injection
ngsma,-0.07170506881712756,benign
gsm,-0.07170506881712756,benign
ungsm,-0.07170506881712756,benign
ngsm,-0.07170506881712756,benign
gsma,-0.07170506881712756,benign
mpan,-0.07169217855622957,benign
compa,-0.07169217855622957,benign
ompa,-0.07169217855622957,benign
mpa,-0.07169217855622957,benign
ompan,-0.07169217855622957,benign
tain,-0.0716729392562823,benign
inab,-0.0716729392562823,benign
why ,0.0716154488209774,injection
in? ,-0.07142958154736938,benign
 acce,0.07141957356017675,injection
ft?,-0.07139883449972588,benign
ft? ,-0.07139883449972588,benign
berse,0.07136656593988532,injection
gure,0.07127486440412548,injection
igure,0.07127486440412548,injection
orld,0.07120713266130708,injection
world,0.07120713266130708,injection
 worl,0.07120713266130708,injection
rld,0.07120713266130708,injection
worl,0.07120713266130708,injection
enten,0.07117850989403304,injection
rmi,0.07112673128872661,injection
zel,0.07109288724792547,injection
erp,0.07107291226615683,injection
ada,0.07105073614675879,injection
ectio,-0.07103198654165713,benign
duct,-0.07093648739634642,benign
iele,0.07082825279327123,injection
"die"" ",0.07078117147916017,injection
"die""",0.07078117147916017,injection
acy ,0.07078117147916017,injection
"ie"" ",0.07078117147916017,injection
"ie""",0.07078117147916017,injection
"""dem",0.07078117147916017,injection
" die""",0.07078117147916017,injection
"""demo",0.07078117147916017,injection
"""de",0.07078117147916017,injection
racy ,0.07078117147916017,injection
" ""dem",0.07078117147916017,injection
" ""de",0.07078117147916017,injection
 etwa,0.07073410719244248,injection
etwa,0.07073410719244248,injection
 etw,0.07073410719244248,injection
twa,0.07073410719244248,injection
twas,0.07073410719244248,injection
etwas,0.07073410719244248,injection
cess ,0.07069146645301021,injection
emi,-0.07064398062236121,benign
chen,-0.07060068155866873,benign
cus ,0.07059821777385736,injection
 focu,0.07059821777385736,injection
 foc,0.07059821777385736,injection
foc,0.07059821777385736,injection
focus,0.07059821777385736,injection
ocus,0.07059821777385736,injection
focu,0.07059821777385736,injection
ocus ,0.07059821777385736,injection
din,0.07045379437499188,injection
 fal,0.07042143168134603,injection
 fall,0.07042143168134603,injection
tasks,0.07041337261845662,injection
 bau,-0.07039306726048358,benign
omic,-0.07034734177774637,benign
omic ,-0.07034734177774637,benign
dit,0.07034179788496538,injection
list,-0.07019869947941873,benign
 list,-0.07019869947941873,benign
 lis,-0.07019869947941873,benign
know ,-0.07017449282135564,benign
line,0.07014071094691571,injection
anie,-0.07008858676079446,benign
panie,-0.07008858676079446,benign
" ""d",0.07007713527263291,injection
sid,-0.07003320240836142,benign
side,-0.07003320240836142,benign
inne,0.0699559506190831,injection
tere,-0.06989237836540899,benign
 son,0.06985081548967115,injection
 put,-0.06982541300902324,benign
rmat,0.06979737653073834,injection
ensc,-0.0697353387140562,benign
ensch,-0.0697353387140562,benign
gra,-0.06969479709945622,benign
ks ,0.06969050762604981,injection
"k, ",0.06965050960117594,injection
oyed,-0.06959101200240542,benign
ind ,0.06957763776014544,injection
iden,-0.0695485997981522,benign
open,-0.0694365103481999,benign
 open,-0.0694365103481999,benign
ergie,-0.06943272698297509,benign
rgie,-0.06943272698297509,benign
nergi,-0.06943272698297509,benign
d?. ,0.06930011586442082,injection
d?.,0.06930011586442082,injection
then,0.06928698789470936,injection
 then,0.06928698789470936,injection
empfe,-0.06924685862089702,benign
pfehl,-0.06924685862089702,benign
pfe,-0.06924685862089702,benign
pfeh,-0.06924685862089702,benign
mpfeh,-0.06924685862089702,benign
mpfe,-0.06924685862089702,benign
ble,0.06923836321105181,injection
rni,0.06921208041686128,injection
ormat,0.0691802670744412,injection
gem,0.06918012217308213,injection
gema,0.06918012217308213,injection
 gema,0.06918012217308213,injection
 gem,0.06918012217308213,injection
emach,0.06918012217308213,injection
emac,0.06918012217308213,injection
gemac,0.06918012217308213,injection
nung ,-0.06917323114977734,benign
 erst,0.0691543951654193,injection
ould ,-0.06912512399397645,benign
ould,-0.06912512399397645,benign
oul,-0.06912512399397645,benign
uld ,-0.06912512399397645,benign
halte,0.06908792843527829,injection
she,0.06906275748116986,injection
rex,-0.06905477873954269,benign
rexit,-0.06905477873954269,benign
rexi,-0.06905477873954269,benign
edg,0.06905443263542052,injection
sgabe,0.06901974932754919,injection
usgab,0.06901974932754919,injection
sga,0.06901974932754919,injection
usga,0.06901974932754919,injection
ausga,0.06901974932754919,injection
sgab,0.06901974932754919,injection
 dis,0.06898165425435714,injection
dis,0.06898165425435714,injection
ling,0.06896573164201399,injection
erl,-0.0688924962373843,benign
ved ,0.06888484005871684,injection
ved,0.06888484005871684,injection
 too,-0.06885383933075545,benign
too,-0.06885383933075545,benign
lun,-0.06881813093223367,benign
-out,-0.06880614769362396,benign
phas,-0.06880614769362396,benign
-out ,-0.06880614769362396,benign
-ou,-0.06880614769362396,benign
 -ou,-0.06880614769362396,benign
 -out,-0.06880614769362396,benign
phase,-0.06880614769362396,benign
 -o,-0.06880614769362396,benign
orme,-0.06875611510187131,benign
rme,-0.06875611510187131,benign
rmen ,-0.06875611510187131,benign
ormen,-0.06875611510187131,benign
rmen,-0.06875611510187131,benign
forme,-0.06875611510187131,benign
gest,-0.06875019874333224,benign
a. ,0.06872922213758369,injection
edic,0.06868566117565213,injection
iten ,-0.06863360816058132,benign
g. ,0.06859817701932662,injection
irec,-0.06851422338077182,benign
ry ,0.06850262798742231,injection
nutri,-0.06842961459570333,benign
nutr,-0.06842961459570333,benign
ritio,-0.06842961459570333,benign
 von ,-0.06840905469299345,benign
 von,-0.06840905469299345,benign
von,-0.06840905469299345,benign
von ,-0.06840905469299345,benign
tely,0.0683678414325002,injection
part,-0.0683640683349738,benign
ritis,-0.068295620461529,benign
 brit,-0.068295620461529,benign
iel,-0.06826796597833189,benign
 herv,0.06825785924900186,injection
vorra,0.06825785924900186,injection
hervo,0.06825785924900186,injection
vorr,0.06825785924900186,injection
ragen,0.06825785924900186,injection
orrag,0.06825785924900186,injection
rrage,0.06825785924900186,injection
orra,0.06825785924900186,injection
rra,0.06825785924900186,injection
rrag,0.06825785924900186,injection
herv,0.06825785924900186,injection
rvo,0.06825785924900186,injection
rvorr,0.06825785924900186,injection
rvor,0.06825785924900186,injection
ervo,0.06825785924900186,injection
ervor,0.06825785924900186,injection
agend,0.06825785924900186,injection
roll,0.06825055976187776,injection
ng? ,-0.06819052432790482,benign
ng?,-0.06819052432790482,benign
ken,-0.06818801634601919,benign
"de,",0.06816773440071228,injection
"de, ",0.06816773440071228,injection
able,0.0681344171926345,injection
berei,-0.0681154391685961,benign
ough,0.06806636251052652,injection
oug,0.06806636251052652,injection
rob,0.06805494533386841,injection
bed,0.06803545625260078,injection
 hast,0.06798040741190733,injection
hast ,0.06798040741190733,injection
hast,0.06798040741190733,injection
lane,-0.06796050233715757,benign
plane,-0.06796050233715757,benign
ledge,0.0678583180638819,injection
ledg,0.0678583180638819,injection
knowl,0.0678583180638819,injection
owle,0.0678583180638819,injection
owled,0.0678583180638819,injection
owl,0.0678583180638819,injection
nowle,0.0678583180638819,injection
nowl,0.0678583180638819,injection
dge,0.0678583180638819,injection
dge ,0.0678583180638819,injection
edge ,0.0678583180638819,injection
wled,0.0678583180638819,injection
wle,0.0678583180638819,injection
edge,0.0678583180638819,injection
wledg,0.0678583180638819,injection
 gift,-0.06780544859425378,benign
 gif,-0.06780544859425378,benign
gif,-0.06780544859425378,benign
gift,-0.06780544859425378,benign
t's ,-0.06777500487039036,benign
t's,-0.06777500487039036,benign
ling ,0.06775382569679281,injection
lling,0.06775382569679281,injection
llin,0.06775382569679281,injection
 erk,0.06774411147006766,injection
chts,0.06774411147006766,injection
lieb,0.0677408307624617,injection
uszu,0.06773836702573496,injection
usz,0.06773836702573496,injection
auszu,0.06773836702573496,injection
szu,0.06773836702573496,injection
ausz,0.06773836702573496,injection
 ausz,0.06773836702573496,injection
mple,0.06773536790028549,injection
life,-0.06767646171356441,benign
 lif,-0.06767646171356441,benign
 life,-0.06767646171356441,benign
lis,-0.06766793029502834,benign
 prog,-0.06760075850630114,benign
egan,-0.0675847043129154,benign
ested,-0.0675267797577805,benign
reste,-0.0675267797577805,benign
sted,-0.0675267797577805,benign
erest,-0.0675267797577805,benign
sted ,-0.0675267797577805,benign
mati,0.06752491566490719,injection
matio,0.06752491566490719,injection
rmati,0.06752491566490719,injection
past ,0.06748668042101635,injection
rot,-0.06739652286104411,benign
sich,-0.0673602390432448,benign
ema ,0.06735463406880313,injection
hema ,0.06735463406880313,injection
ors,-0.06733891194087857,benign
 ope,-0.06724434970046957,benign
xcell,0.06721394117821491,injection
 exce,0.06721394117821491,injection
llent,0.06721394117821491,injection
excel,0.06721394117821491,injection
xcel,0.06721394117821491,injection
exce,0.06721394117821491,injection
xce,0.06721394117821491,injection
celle,0.06721394117821491,injection
ty ,-0.06720675570046318,benign
 ihre,0.06720087514980744,injection
ihre,0.06720087514980744,injection
sge,0.06718422997574394,injection
ica,0.06715720487979235,injection
esten,-0.06707374537140087,benign
ver ,0.06707119953794259,injection
a? ,-0.06706277894256656,benign
untri,-0.06699703871709148,benign
 inc,0.06699469070704296,injection
 ret,-0.0669825879682706,benign
lent ,0.06696399854801675,injection
lent,0.06696399854801675,injection
 con,0.06692716042969013,injection
gnme,0.06690476196727636,injection
ssign,0.06690476196727636,injection
ignm,0.06690476196727636,injection
ignme,0.06690476196727636,injection
gnmen,0.06690476196727636,injection
assig,0.06690476196727636,injection
signm,0.06690476196727636,injection
gnm,0.06690476196727636,injection
 brea,0.0668324426237054,injection
reak ,0.0668324426237054,injection
reak,0.0668324426237054,injection
brea,0.0668324426237054,injection
break,0.0668324426237054,injection
 sinn,-0.06676923801381436,benign
sinn,-0.06676923801381436,benign
usa,0.06673919183559625,injection
 zur,0.06672744421981357,injection
 zur ,0.06672744421981357,injection
erde,0.06660258491910648,injection
rford,0.06657246730107355,injection
aut,-0.0665495205766132,benign
re?,-0.06653994257662478,benign
re? ,-0.06653994257662478,benign
gut?,0.06651120408978407,injection
 gut?,0.06651120408978407,injection
rüc,-0.06650590254027133,benign
 elec,-0.06645595732434305,benign
base,0.06641738905269505,injection
 war ,-0.06639870405996696,benign
war ,-0.06639870405996696,benign
chte,-0.06638956053062049,benign
ei? ,-0.06635340247159861,benign
evo,0.06631750522639275,injection
wan,-0.06630559167249452,benign
ppl,-0.06628989903289915,benign
pply,-0.06628989903289915,benign
pply ,-0.06628989903289915,benign
 arti,0.06627303269130597,injection
ded,0.06623652916065277,injection
eat,0.06612965367082059,injection
 par,-0.06612751330648163,benign
ven ,0.06612617789244928,injection
ssa,0.06609895504493829,injection
essa,0.06609895504493829,injection
hil,0.06607786400167948,injection
n't ,0.06605511804204142,injection
n't,0.06605511804204142,injection
't ,0.06605511804204142,injection
cok ,0.06589972473798221,injection
 cok ,0.06589972473798221,injection
 cok,0.06589972473798221,injection
cok,0.06589972473798221,injection
 sce,0.06587574305312142,injection
scen,0.06587574305312142,injection
sce,0.06587574305312142,injection
 scen,0.06587574305312142,injection
ans ,-0.06583904903193535,benign
"then,",0.06580894577734513,injection
i-s,0.06580081093227222,injection
isa,0.06575565396846957,injection
hin ,0.06575565396846957,injection
ploy,-0.06575525670819093,benign
 unem,-0.06575525670819093,benign
 unt,0.06570098096293578,injection
ävent,-0.06561853863393423,benign
präv,-0.06561853863393423,benign
räv,-0.06561853863393423,benign
även,-0.06561853863393423,benign
äve,-0.06561853863393423,benign
räven,-0.06561853863393423,benign
räve,-0.06561853863393423,benign
präve,-0.06561853863393423,benign
cial,0.06560538202024396,injection
olu,-0.06560417695150063,benign
even ,0.0655943456870846,injection
ell ,0.06559027354301492,injection
less,0.0655862953699609,injection
mpfun,-0.06555442240887771,benign
pfu,-0.06555442240887771,benign
pfun,-0.06555442240887771,benign
pfung,-0.06555442240887771,benign
mpfu,-0.06555442240887771,benign
rld?,-0.06549922501669592,benign
orld?,-0.06549922501669592,benign
iff,-0.06546546657336957,benign
iffe,-0.06546546657336957,benign
stag ,-0.06540640433719232,benign
 lebe,-0.0653983356119658,benign
coo,0.0653802585517293,injection
sig,0.06531195202626805,injection
-st,0.06527292616107594,injection
 deve,-0.06526833957087531,benign
elop,-0.06526833957087531,benign
velop,-0.06526833957087531,benign
elo,-0.06526833957087531,benign
velo,-0.06526833957087531,benign
evelo,-0.06526833957087531,benign
devel,-0.06526833957087531,benign
lop,-0.06526833957087531,benign
deve,-0.06526833957087531,benign
brit,-0.06516107357810831,benign
briti,-0.06516107357810831,benign
 un,0.06510204879892717,injection
hal,0.06508542522773529,injection
tect,-0.06508203251733642,benign
shi,-0.06505561973338307,benign
 gu,0.064995620695362,injection
ben.,0.06498719676926194,injection
ben. ,0.06498719676926194,injection
aben.,0.06498719676926194,injection
 our,-0.0649862336957212,benign
 our ,-0.0649862336957212,benign
pens,-0.06497844259354961,benign
essay,0.06495841855502073,injection
ssay,0.06495841855502073,injection
 essa,0.06495841855502073,injection
 ess,0.06495841855502073,injection
vou,0.06494045653558665,injection
 fun,0.06492593225663139,injection
all-,-0.06484278422341017,benign
ll-,-0.06484278422341017,benign
 nur,0.06483414545400953,injection
nur,0.06483414545400953,injection
onder,-0.0647895759332872,benign
onde,-0.0647895759332872,benign
 rel,0.06476494150757499,injection
assen,0.06472240840641395,injection
syst,0.06472072699948365,injection
sys,0.06472072699948365,injection
yst,0.06472072699948365,injection
ystem,0.06472072699948365,injection
yste,0.06472072699948365,injection
syste,0.06472072699948365,injection
stem,0.06472072699948365,injection
ten ,-0.06470732792326453,benign
 und ,-0.06470463744328198,benign
con,0.06470338057047072,injection
res,-0.06462997653959725,benign
eter,0.06461629801275467,injection
ir ,0.06457646960130158,injection
sind ,0.06455920715263447,injection
tip,-0.06453951570522173,benign
ders ,-0.06447204889475633,benign
son,0.06445650176622664,injection
tem,0.06444349811926886,injection
"d, ",0.06442823008273334,injection
nd ,0.06441934403215505,injection
 ben,0.0643979468109538,injection
por,0.06434859562761817,injection
gier,0.06432677615816709,injection
" ""b",0.06424720278413698,injection
inter,-0.0640549616550684,benign
"."" ",0.06397965590471184,injection
 agr,-0.06397806354958799,benign
itis,-0.06393463729784825,benign
icy ,-0.06388594244813826,benign
licy ,-0.06388594244813826,benign
este ,-0.06386396535479237,benign
 vern,0.06379674768900216,injection
elte,-0.0637559491682621,benign
ara,0.06374678711872937,injection
less ,0.06371045790949434,injection
orsc,-0.06368438499592742,benign
orsch,-0.06368438499592742,benign
 ex,0.06366781129747817,injection
gpt,0.06366535207787784,injection
-str,0.06362699965964087,injection
na-s,0.06362699965964087,injection
a-str,0.06362699965964087,injection
a-st,0.06362699965964087,injection
egie ,0.06362699965964087,injection
gie ,0.06362699965964087,injection
a-s,0.06362699965964087,injection
ona-s,0.06362699965964087,injection
na-st,0.06362699965964087,injection
-stra,0.06362699965964087,injection
own?,-0.06360060458701881,benign
ockdo,-0.06360060458701881,benign
ockd,-0.06360060458701881,benign
own? ,-0.06360060458701881,benign
adt,-0.06357803530062729,benign
uran,-0.0635750034383215,benign
"or,",0.06355007615387373,injection
"or, ",0.06355007615387373,injection
anen ,-0.06354685890092752,benign
hten ,-0.06349150074279673,benign
höc,0.06346767025447433,injection
 höc,0.06346767025447433,injection
ata,0.0634674697593991,injection
inni,0.06346590842196265,injection
nni,0.06346590842196265,injection
nnin,0.06346590842196265,injection
nning,0.06346590842196265,injection
innin,0.06346590842196265,injection
ginni,0.06346590842196265,injection
roup,-0.06345039032655662,benign
oup,-0.06345039032655662,benign
tiona,0.06342046770625369,injection
nab,-0.06338771129367568,benign
 und,-0.06338467108613167,benign
tant,0.06336518965892018,injection
rsic,-0.06334670518953674,benign
rsich,-0.06334670518953674,benign
ersic,-0.06334670518953674,benign
"aben,",0.06332455597931307,injection
rhalt,0.06332455597931307,injection
anane,0.06332455597931307,injection
anan,0.06332455597931307,injection
"ane""",0.06332455597931307,injection
"""bana",0.06332455597931307,injection
"""ba",0.06332455597931307,injection
"""ban",0.06332455597931307,injection
 zu ,0.06330133700234941,injection
erten,0.06327055101999986,injection
nti,0.06318201622649536,injection
ohn,0.0630920968282511,injection
cen,0.06303259039281643,injection
sin,-0.06298536826193057,benign
nga,0.0628833837471017,injection
me ,0.06283734463308349,injection
want,0.0628345294428046,injection
 want,0.0628345294428046,injection
 ihn,0.06277876431906407,injection
 fung,0.06277876431906407,injection
ihn,0.06277876431906407,injection
fungi,0.06277876431906407,injection
ihnen,0.06277876431906407,injection
ihne,0.06277876431906407,injection
 ihne,0.06277876431906407,injection
ungi,0.06277876431906407,injection
ungie,0.06277876431906407,injection
ngie,0.06277876431906407,injection
ngier,0.06277876431906407,injection
eren.,0.06277876431906407,injection
ngi,0.06277876431906407,injection
eek,-0.06276323515130977,benign
 auto,-0.06275460955464505,benign
 aut,-0.06275460955464505,benign
 find,0.06265513268787011,injection
nda,0.06264792259725024,injection
their,-0.06261323169714976,benign
eir ,-0.06261323169714976,benign
 thei,-0.06261323169714976,benign
heir ,-0.06261323169714976,benign
paläs,0.06257348964766582,injection
 palä,0.06257348964766582,injection
palä,0.06257348964766582,injection
tine,0.06257348964766582,injection
tinen,0.06257348964766582,injection
inens,0.06257348964766582,injection
lästi,0.06257348964766582,injection
nens,0.06257348964766582,injection
ästi,0.06257348964766582,injection
läst,0.06257348964766582,injection
ästin,0.06257348964766582,injection
äst,0.06257348964766582,injection
aläst,0.06257348964766582,injection
stine,0.06257348964766582,injection
alä,0.06257348964766582,injection
aläs,0.06257348964766582,injection
"r"" ",0.06255456344970936,injection
end? ,-0.06253570242000674,benign
hap,0.0625044130421403,injection
 uns,-0.06250157293387787,benign
 bei ,0.062486962326360924,injection
bei ,0.062486962326360924,injection
insi,0.06247733506106044,injection
 insi,0.06247733506106044,injection
who ,-0.06245989166374934,benign
 who ,-0.06245989166374934,benign
ho ,-0.06245989166374934,benign
 char,0.06233155648169409,injection
hara,0.06233155648169409,injection
acte,0.06233155648169409,injection
acter,0.06233155648169409,injection
harac,0.06233155648169409,injection
chara,0.06233155648169409,injection
arac,0.06233155648169409,injection
cter,0.06233155648169409,injection
char,0.06233155648169409,injection
aract,0.06233155648169409,injection
racte,0.06233155648169409,injection
mos,0.06232425037664475,injection
most ,0.06232425037664475,injection
ost ,0.06232425037664475,injection
 mos,0.06232425037664475,injection
 most,0.06232425037664475,injection
most,0.06232425037664475,injection
ife,0.06226869969379509,injection
kun,-0.062238520671487337,benign
give ,-0.06222509135298269,benign
ear,-0.06220418954816147,benign
nyw,0.0620162356406841,injection
anyw,0.0620162356406841,injection
stin,0.06201400109631291,injection
twi,-0.062000887599315734,benign
 ed,-0.061976169537011655,benign
tou,0.061960047108205414,injection
 sä,0.06194542384260588,injection
ame,0.061924046936564565,injection
"i, ",0.06187168719208577,injection
ouse ,-0.06186206276345656,benign
euer,-0.06183419758088928,benign
mig,0.06183412344781591,injection
nser,-0.06174540584364466,benign
pres,-0.06172672984250722,benign
 pres,-0.06172672984250722,benign
 atte,0.061671113438391004,injection
nders,-0.06166599239547668,benign
enda,0.06164563462330966,injection
ndat,0.06164563462330966,injection
ndati,0.06164563462330966,injection
menda,0.06164563462330966,injection
datio,0.06164563462330966,injection
dati,0.06164563462330966,injection
endat,0.06164563462330966,injection
king ,-0.06162079109890792,benign
inte,-0.061618341489770766,benign
 län,-0.061611058490260225,benign
län,-0.061611058490260225,benign
itere,0.06160358622635051,injection
bek,-0.061575819480628256,benign
 bek,-0.061575819480628256,benign
ngen ,0.061475948258814105,injection
eu. ,0.06140509032903311,injection
flam,0.06140509032903311,injection
 eu.,0.06140509032903311,injection
 eu. ,0.06140509032903311,injection
"p, ",0.06140509032903311,injection
 fla,0.06140509032903311,injection
eu.,0.06140509032903311,injection
 flam,0.06140509032903311,injection
iger,-0.061402625837235054,benign
ortan,0.061396417784898176,injection
porta,0.061396417784898176,injection
impor,0.061396417784898176,injection
mport,0.061396417784898176,injection
mpor,0.061396417784898176,injection
rtan,0.061396417784898176,injection
impo,0.061396417784898176,injection
 impo,0.061396417784898176,injection
ehr,0.06134809494240729,injection
urse ,-0.0613080365347717,benign
att,-0.06124287253840912,benign
bar?,0.06124004768812517,injection
ar? ,0.06124004768812517,injection
ar?,0.06124004768812517,injection
bar? ,0.06124004768812517,injection
elle ,-0.06121986216123908,benign
ring,0.061150175837473626,injection
own,0.06113115636833644,injection
eed,0.06112056595465046,injection
red,0.06110168557708119,injection
kte,0.06109779062639082,injection
fla,0.06105457853049499,injection
pp ,0.06104701694788783,injection
hab,-0.06103481203000371,benign
 hab,-0.06103481203000371,benign
 hou,-0.06102354793630404,benign
 ist ,-0.06098320933044065,benign
ndel ,-0.06095621521141549,benign
hey,0.06091203678558459,injection
 gebe,-0.06086127760665407,benign
gebe,-0.06086127760665407,benign
sor ,0.06085907148057531,injection
elen,0.06082474446151808,injection
elen.,0.06082474446151808,injection
ielen,0.06082474446151808,injection
 har,0.06077863350720717,injection
zieh,0.06076825341807921,injection
 bl,0.060734683586654264,injection
wen,0.060686585922475327,injection
king,-0.06066219657747879,benign
 pi,0.06062526111270804,injection
rum ,0.06056898636763271,injection
per,0.06055916827541806,injection
tue,-0.06055683793330144,benign
tuell,-0.06055683793330144,benign
aktu,-0.06055683793330144,benign
ktue,-0.06055683793330144,benign
uell,-0.06055683793330144,benign
uel,-0.06055683793330144,benign
aktue,-0.06055683793330144,benign
 aktu,-0.06055683793330144,benign
tuel,-0.06055683793330144,benign
ktuel,-0.06055683793330144,benign
ahr,-0.0605174610665529,benign
sen?,-0.0604929055650387,benign
lecti,0.06046798592892061,injection
fahre,-0.060398546229378236,benign
inu,-0.06037036939608325,benign
eak ,0.06036371572408677,injection
olle ,0.060304900986616845,injection
mir ,-0.060293416536168536,benign
 mir ,-0.060293416536168536,benign
usl,0.060279924274708484,injection
 kl,-0.06026684415450044,benign
ewe,-0.06026247553020819,benign
ra ,0.06022552611783339,injection
 wo ,-0.06018830435701625,benign
 top,0.06011693200684015,injection
use?,0.06009818535924629,injection
ouse?,0.06009818535924629,injection
up ,0.060065774556912796,injection
h. ,0.060008750136341146,injection
kor,0.05991652343430991,injection
korr,0.05991652343430991,injection
lasse,0.05980842644127312,injection
 lass,0.05980842644127312,injection
lass,0.05980842644127312,injection
pal,0.05963815913481441,injection
 pal,0.05963815913481441,injection
agr,-0.05960101331693049,benign
tive,-0.05956405459261618,benign
ommt ,0.05949045283220484,injection
es?,0.05940495425336213,injection
es? ,0.05940495425336213,injection
rch,-0.05940312750361843,benign
atz,0.059366339334240965,injection
ets,0.059337440550722854,injection
ctor,0.059333050194676516,injection
cto,0.059333050194676516,injection
stock,-0.059331817500061605,benign
tock,-0.059331817500061605,benign
tock ,-0.059331817500061605,benign
stoc,-0.059331817500061605,benign
 stoc,-0.059331817500061605,benign
rly,-0.059323591989994054,benign
rly ,-0.059323591989994054,benign
gh ,-0.05928901948602868,benign
ough ,-0.05928901948602868,benign
ugh ,-0.05928901948602868,benign
 add,0.05925963719712857,injection
add,0.05925963719712857,injection
roc,0.059246870415121305,injection
wee,-0.05923886242169475,benign
hen. ,-0.05923224278278177,benign
ial,0.05920604894832578,injection
ther ,0.059191297219706514,injection
anen,-0.05918606720589347,benign
gest ,-0.05915751895122775,benign
tere ,0.059148936111473774,injection
rim,-0.0590998405575497,benign
rimi,-0.0590998405575497,benign
rimin,-0.0590998405575497,benign
sam,0.05909731421409089,injection
ca ,-0.05909548660400864,benign
paren,-0.05901391132483707,benign
glic,-0.058914238055751966,benign
glich,-0.058914238055751966,benign
 zeig,0.05888193756087015,injection
eige ,0.05888193756087015,injection
sem,0.05887475094973667,injection
ollen,0.05881392801678095,injection
ever ,0.058717370760594835,injection
hot,0.05869672716722044,injection
ced ,-0.05865917168779202,benign
ramm,-0.058649157568305216,benign
gramm,-0.058649157568305216,benign
leav,0.058593766695526524,injection
 leav,0.058593766695526524,injection
eav,0.058593766695526524,injection
 fe,-0.05856659776812639,benign
lf ,-0.058553350226313604,benign
cio,0.0585336983575011,injection
 fli,0.0585156069627051,injection
 off,0.05843770031933024,injection
heit,0.05842574332906779,injection
 why ,0.058413141604786084,injection
avel ,-0.05841183613462477,benign
ial ,-0.05838647236545915,benign
"ion,",0.05834868417600141,injection
"ion, ",0.05834868417600141,injection
"tion,",0.05834868417600141,injection
 ser,-0.058326588815909776,benign
ssia ,-0.05831781410204696,benign
 rei,-0.058230836940174405,benign
wür,-0.05821392522817584,benign
ürd,-0.05821392522817584,benign
würd,-0.05821392522817584,benign
hrun,0.058060268142561655,injection
hru,0.058060268142561655,injection
hrung,0.058060268142561655,injection
 eno,0.058022471391845416,injection
nou,0.058022471391845416,injection
noug,0.058022471391845416,injection
 enou,0.058022471391845416,injection
nough,0.058022471391845416,injection
enoug,0.058022471391845416,injection
enou,0.058022471391845416,injection
remis,-0.0580013339361683,benign
ringe,0.05797251692654338,injection
ontr,-0.057971955728433035,benign
ntrol,-0.057971955728433035,benign
ontro,-0.057971955728433035,benign
usp,0.05794590761470353,injection
roßar,0.05790998097644021,injection
roßa,0.05790998097644021,injection
oßar,0.05790998097644021,injection
oßa,0.05790998097644021,injection
artig,0.05790998097644021,injection
oßart,0.05790998097644021,injection
rtig,0.05790998097644021,injection
roß,0.05790998097644021,injection
ing? ,-0.05789829695642507,benign
ing?,-0.05789829695642507,benign
ßbal,-0.05785192905157687,benign
ßball,-0.05785192905157687,benign
 fuß,-0.05785192905157687,benign
 fußb,-0.05785192905157687,benign
ßba,-0.05785192905157687,benign
fußb,-0.05785192905157687,benign
fuß,-0.05785192905157687,benign
fußba,-0.05785192905157687,benign
ußbal,-0.05785192905157687,benign
ußba,-0.05785192905157687,benign
ußb,-0.05785192905157687,benign
ians,-0.057790890134860606,benign
ians ,-0.057790890134860606,benign
 int,-0.05770993437604155,benign
ator,-0.05761888155245915,benign
aber,0.057617178195120855,injection
 aber,0.057617178195120855,injection
aber ,0.057617178195120855,injection
 weit,0.05760385403504265,injection
ssay ,0.057594848631653275,injection
ets ,0.05758721965726267,injection
kets ,0.05758721965726267,injection
kets,0.05758721965726267,injection
cket,0.05758721965726267,injection
ckets,0.05758721965726267,injection
durch,-0.05755094529941084,benign
urch ,-0.05755094529941084,benign
 durc,-0.05755094529941084,benign
durc,-0.05755094529941084,benign
rkel?,-0.0575488975059557,benign
kel?,-0.0575488975059557,benign
eor,0.057538729115084335,injection
kin,-0.05752215984506665,benign
uni,0.05752174025939345,injection
tia,0.05749642408918636,injection
asi,-0.057485008923338535,benign
ustri,-0.05738996494535106,benign
radi,0.05735695206222152,injection
car,-0.057251113085587835,benign
glish,-0.05720821076275662,benign
eply,0.05711598968482738,injection
reply,0.05711598968482738,injection
leve,0.05710823703928517,injection
level,0.05710823703928517,injection
evel ,0.05710823703928517,injection
l. ,0.05709705222830107,injection
hren,-0.05706849117724938,benign
obs ,-0.05703305020746287,benign
obs,-0.05703305020746287,benign
jobs ,-0.05703305020746287,benign
jobs,-0.05703305020746287,benign
bs ,-0.05703305020746287,benign
 jobs,-0.05703305020746287,benign
 hea,0.0569957086834294,injection
nnen,0.05695500466720543,injection
gela ,-0.05694703513572314,benign
rkel,-0.05694703513572314,benign
ela ,-0.05694703513572314,benign
la ,-0.05694703513572314,benign
erkel,-0.05694703513572314,benign
gela,-0.05694703513572314,benign
ngela,-0.05694703513572314,benign
 go ,-0.05690875726609259,benign
i? ,0.0568901051094062,injection
kei,0.056843769456909825,injection
erz,-0.05675161487323817,benign
reti,0.05674721283534807,injection
gli,-0.05674460580687734,benign
obb,0.056713796595043824,injection
ary,-0.0566812947242447,benign
vat,-0.056664171544981566,benign
ativ,-0.05665342765093282,benign
sor,0.056635076982611325,injection
 echt,0.05662710874911383,injection
 ech,0.05662710874911383,injection
eden,0.05662510363033119,injection
neu,0.056607559714210026,injection
count,-0.056542729117755146,benign
 coun,-0.056542729117755146,benign
coun,-0.056542729117755146,benign
ountr,-0.056542729117755146,benign
ount,-0.056542729117755146,benign
conc,0.056540172450798655,injection
 conc,0.056540172450798655,injection
onc,0.056540172450798655,injection
 part,-0.05652536711994894,benign
 nam,0.05652301821544875,injection
name,0.05652301821544875,injection
 name,0.05652301821544875,injection
ric,0.056506524968783015,injection
cip,-0.05649949409756347,benign
ecipe,-0.05649949409756347,benign
recip,-0.05649949409756347,benign
ecip,-0.05649949409756347,benign
cipe,-0.05649949409756347,benign
 reci,-0.05649949409756347,benign
roles,0.05642084159505901,injection
oles,0.05642084159505901,injection
why,0.056393540288334223,injection
ktu,-0.056381216828492314,benign
inclu,0.056311498830331486,injection
lud,0.056311498830331486,injection
 incl,0.056311498830331486,injection
nclud,0.056311498830331486,injection
incl,0.056311498830331486,injection
clud,0.056311498830331486,injection
ortes,0.056279754578247645,injection
rtest,0.056279754578247645,injection
 uigu,0.056279754578247645,injection
 ui,0.056279754578247645,injection
rfäh,0.056279754578247645,injection
rfähr,0.056279754578247645,injection
 uig,0.056279754578247645,injection
rfä,0.056279754578247645,injection
robb,0.05618663121301496,injection
obbe,0.05618663121301496,injection
bber,0.05618663121301496,injection
robbe,0.05618663121301496,injection
 rob,0.05618663121301496,injection
 robb,0.05618663121301496,injection
obber,0.05618663121301496,injection
bbe,0.05618663121301496,injection
such ,0.05608444878967728,injection
eply ,0.05608210833329184,injection
 cr,0.056071888299166095,injection
aben,0.05605234001996651,injection
ying,0.05604708670184459,injection
ying ,0.05604708670184459,injection
zeit ,0.05604022354384673,injection
uns,-0.05600850811352636,benign
 term,0.05598611663065092,injection
 ter,0.05598611663065092,injection
egi,0.05590782956150217,injection
önne,0.05587709484892797,injection
önnen,0.05587709484892797,injection
könne,0.05587709484892797,injection
ions,0.055833859472316914,injection
fair,-0.05583375858859113,benign
air?,-0.05583375858859113,benign
fair?,-0.05583375858859113,benign
wirt,-0.055817732809640634,benign
rtsc,-0.055817732809640634,benign
rtsch,-0.055817732809640634,benign
irtsc,-0.055817732809640634,benign
wirts,-0.055817732809640634,benign
tscha,-0.055817732809640634,benign
ang ,0.05581546715429846,injection
am ,-0.055802416491671156,benign
tors,0.05579420159893919,injection
ungs,-0.05579042578691556,benign
nsch,-0.05573784738152915,benign
call,0.0557126448178937,injection
ok. ,0.05571255736454427,injection
ok.,0.05571255736454427,injection
 ok.,0.05571255736454427,injection
 ok. ,0.05571255736454427,injection
bens,-0.0556293770466797,benign
ebens,-0.0556293770466797,benign
tical,0.055614621984771066,injection
tica,0.055614621984771066,injection
 war,-0.055592146465770216,benign
ündun,0.055564660663923966,injection
ündu,0.055564660663923966,injection
ditio,0.055510515784066856,injection
diti,0.055510515784066856,injection
 oppo,0.0555039475569523,injection
ppo,0.0555039475569523,injection
 opp,0.0555039475569523,injection
oppo,0.0555039475569523,injection
eht ,-0.0554995318023216,benign
näch,-0.05546083044802544,benign
nächs,-0.05546083044802544,benign
näc,-0.05546083044802544,benign
ousin,-0.05539689119082415,benign
ousi,-0.05539689119082415,benign
 stra,-0.05539686037099637,benign
ategy,-0.05539686037099637,benign
dig,0.0553007799375825,injection
lunge,-0.05518460845780792,benign
tzen.,0.05517664562921787,injection
zen.,0.05517664562921787,injection
zen. ,0.05517664562921787,injection
trip,-0.055153961025603826,benign
rip ,-0.055153961025603826,benign
rip,-0.055153961025603826,benign
 tri,-0.055153961025603826,benign
trip ,-0.055153961025603826,benign
 trip,-0.055153961025603826,benign
sef,-0.05513066794526341,benign
 raub,0.05508753991046452,injection
ein? ,0.05508753991046452,injection
kunde,0.05508753991046452,injection
 rau,0.05508753991046452,injection
kund,0.05508753991046452,injection
ubübe,0.05508753991046452,injection
bric,0.05508753991046452,injection
 seku,0.05508753991046452,injection
raub,0.05508753991046452,injection
ekun,0.05508753991046452,injection
seine,0.05508753991046452,injection
unde ,0.05508753991046452,injection
sekun,0.05508753991046452,injection
raubü,0.05508753991046452,injection
bübe,0.05508753991046452,injection
aubüb,0.05508753991046452,injection
rdieb,0.05508753991046452,injection
dieb,0.05508753991046452,injection
 bric,0.05508753991046452,injection
terdi,0.05508753991046452,injection
terd,0.05508753991046452,injection
aub,0.05508753991046452,injection
aubü,0.05508753991046452,injection
brich,0.05508753991046452,injection
llen.,0.05508753991046452,injection
ubü,0.05508753991046452,injection
sterd,0.05508753991046452,injection
ubüb,0.05508753991046452,injection
büb,0.05508753991046452,injection
büber,0.05508753991046452,injection
eku,0.05508753991046452,injection
ekund,0.05508753991046452,injection
 sek,0.05508753991046452,injection
 ein?,0.05508753991046452,injection
sek,0.05508753991046452,injection
seku,0.05508753991046452,injection
risi,-0.05507333288002136,benign
risis,-0.05507333288002136,benign
lif,-0.05501297613636849,benign
abe.,0.055003396919421875,injection
be. ,0.055003396919421875,injection
be.,0.055003396919421875,injection
abe. ,0.055003396919421875,injection
ecte,-0.05496757705825211,benign
ected,-0.05496757705825211,benign
 has,0.05493657103097595,injection
 sein,0.05491271118640868,injection
sein,0.05491271118640868,injection
um.,0.05484751228982521,injection
nhaf,0.05484751228982521,injection
gewi,0.05484751228982521,injection
 gewi,0.05484751228982521,injection
senha,0.05484751228982521,injection
 um.,0.05484751228982521,injection
um. ,0.05484751228982521,injection
ewiss,0.05484751228982521,injection
ewi,0.05484751228982521,injection
nhaft,0.05484751228982521,injection
ewis,0.05484751228982521,injection
 um. ,0.05484751228982521,injection
gewis,0.05484751228982521,injection
senh,0.05484751228982521,injection
enhaf,0.05484751228982521,injection
ssenh,0.05484751228982521,injection
ull,0.05484730632112516,injection
full,0.05484730632112516,injection
alt ,-0.05474364390043443,benign
hard,0.05472153312044561,injection
 wasn,0.05472153312044561,injection
asn,0.05472153312044561,injection
wasn,0.05472153312044561,injection
 hard,0.05472153312044561,injection
hard ,0.05472153312044561,injection
gabe ,0.05467452318930362,injection
 buch,0.05465446894152446,injection
ller ,0.05465446894152446,injection
mpfo,0.05465446894152446,injection
 buc,0.05465446894152446,injection
buch,0.05465446894152446,injection
empfo,0.05465446894152446,injection
ohlen,0.05465446894152446,injection
fohl,0.05465446894152446,injection
fohle,0.05465446894152446,injection
pfo,0.05465446894152446,injection
pfohl,0.05465446894152446,injection
foh,0.05465446894152446,injection
buch ,0.05465446894152446,injection
pfoh,0.05465446894152446,injection
mpfoh,0.05465446894152446,injection
buc,0.05465446894152446,injection
 wome,-0.054610565139374186,benign
 wom,-0.054610565139374186,benign
wome,-0.054610565139374186,benign
women,-0.054610565139374186,benign
wom,-0.054610565139374186,benign
omen ,-0.054610565139374186,benign
stan,0.054599375633969334,injection
gy ,-0.054578650117541025,benign
lane ,-0.05455134478382063,benign
ock ,-0.05453964429187514,benign
"nnen,",0.05440261125202814,injection
off,0.054323271913555765,injection
imi,-0.054318421033807705,benign
 werd,0.054312051483191154,injection
werd,0.054312051483191154,injection
werde,0.054312051483191154,injection
nive,0.054309109025867976,injection
niv,0.054309109025867976,injection
lish,-0.05430239384138349,benign
noth,0.05423793668676498,injection
 kr,-0.05422834053619188,benign
igita,-0.054207127456448824,benign
tali,-0.054207127456448824,benign
ierun,-0.054207127456448824,benign
ieru,-0.054207127456448824,benign
sieru,-0.054207127456448824,benign
talis,-0.054207127456448824,benign
gita,-0.054207127456448824,benign
lisi,-0.054207127456448824,benign
gital,-0.054207127456448824,benign
lisie,-0.054207127456448824,benign
alis,-0.054207127456448824,benign
alisi,-0.054207127456448824,benign
isie,-0.054207127456448824,benign
isier,-0.054207127456448824,benign
itali,-0.054207127456448824,benign
hell,0.05420112673665204,injection
hello,0.05420112673665204,injection
wicke,-0.05419049831798925,benign
ckel,-0.05419049831798925,benign
icke,-0.05419049831798925,benign
ickel,-0.05419049831798925,benign
ake,0.0541752962918794,injection
eno,0.0541260710058795,injection
urse,-0.05407329439843273,benign
nly ,0.05406982687942493,injection
nly,0.05406982687942493,injection
 fitn,-0.054023498012353274,benign
tness,-0.054023498012353274,benign
itn,-0.054023498012353274,benign
itne,-0.054023498012353274,benign
itnes,-0.054023498012353274,benign
tnes,-0.054023498012353274,benign
tne,-0.054023498012353274,benign
fitn,-0.054023498012353274,benign
fitne,-0.054023498012353274,benign
schut,-0.05400075734482944,benign
chut,-0.05400075734482944,benign
chutz,-0.05400075734482944,benign
hut,-0.05400075734482944,benign
hutz,-0.05400075734482944,benign
event,0.05397888530656169,injection
a-u,-0.053966546623230034,benign
a-us,-0.053966546623230034,benign
-usa,-0.053966546623230034,benign
pa-us,-0.053966546623230034,benign
a-usa,-0.053966546623230034,benign
ropa-,-0.053966546623230034,benign
pa-u,-0.053966546623230034,benign
opa-,-0.053966546623230034,benign
pa-,-0.053966546623230034,benign
opa-u,-0.053966546623230034,benign
-usa ,-0.053966546623230034,benign
-us,-0.053966546623230034,benign
 zei,0.05393830880839919,injection
ged,0.0539233129662678,injection
nst ,-0.05391935298161352,benign
tai,-0.05388377977844772,benign
tur ,-0.05386276647916789,benign
r?. ,0.05386102875441894,injection
r?.,0.05386102875441894,injection
na ,-0.053838294246669006,benign
inde,-0.05383800408999443,benign
ntro,-0.05382136532241259,benign
ven,0.05381318834388385,injection
ufsat,0.05380256119807631,injection
aufsa,0.05380256119807631,injection
aufs,0.05380256119807631,injection
ufsa,0.05380256119807631,injection
fsa,0.05380256119807631,injection
fsatz,0.05380256119807631,injection
 aufs,0.05380256119807631,injection
fsat,0.05380256119807631,injection
man ,0.053770797113110246,injection
pfle,-0.053764911763220784,benign
pfl,-0.053764911763220784,benign
pfleg,-0.053764911763220784,benign
ücke,-0.05374394196521862,benign
ently,-0.05371253130805506,benign
ntly,-0.05371253130805506,benign
ntly ,-0.05371253130805506,benign
uer ,-0.05370555806246491,benign
 it ,0.05370433480184719,injection
"llen,",0.053643049112793995,injection
beid,0.053643049112793995,injection
beide,0.053643049112793995,injection
 beid,0.053643049112793995,injection
"len, ",0.053643049112793995,injection
"len,",0.053643049112793995,injection
run,-0.053634690290589954,benign
ecau,0.05361680801618925,injection
caus,0.05361680801618925,injection
becau,0.05361680801618925,injection
 beca,0.05361680801618925,injection
cause,0.05361680801618925,injection
cau,0.05361680801618925,injection
ause ,0.05361680801618925,injection
beca,0.05361680801618925,injection
ecaus,0.05361680801618925,injection
 wiss,-0.05358983492116035,benign
 wis,-0.05358983492116035,benign
"l"" ",0.053581984052819005,injection
rwa,0.05357806439041451,injection
sta,-0.05357792104239615,benign
mbh,0.05356827614111832,injection
gmb,0.05356827614111832,injection
" ""w",0.05356827614111832,injection
 gm,0.05356827614111832,injection
 gmb,0.05356827614111832,injection
 gmbh,0.05356827614111832,injection
gmbh,0.05356827614111832,injection
its,-0.05354170923985129,benign
nne,0.05353580558534427,injection
neuen,0.05348897620689269,injection
euen,0.05348897620689269,injection
euen ,0.05348897620689269,injection
kinde,-0.05347449188135515,benign
inder,-0.05347449188135515,benign
nchen,-0.05347219125626467,benign
nche,-0.05347219125626467,benign
year,-0.05345913786595489,benign
yea,-0.05345913786595489,benign
years,-0.05345913786595489,benign
 year,-0.05345913786595489,benign
 yea,-0.05345913786595489,benign
ears,-0.05345913786595489,benign
eal,0.0534526698520779,injection
könn,-0.05342296196611854,benign
 könn,-0.05342296196611854,benign
 kön,-0.05342296196611854,benign
 kö,-0.05342296196611854,benign
önn,-0.05342296196611854,benign
kön,-0.05342296196611854,benign
gion,-0.05336369345589291,benign
gio,-0.05336369345589291,benign
 mei,-0.053342622494817526,benign
remi,-0.05327083754917679,benign
 lag,-0.05326367255498385,benign
 lage,-0.05326367255498385,benign
nsc,-0.05325677016265678,benign
ge?,-0.05325368674498661,benign
rif,0.05322996971587489,injection
"se, ",0.05321368284160853,injection
"se,",0.05321368284160853,injection
day,-0.05320431066704224,benign
reate,0.053197552423578064,injection
eate,0.053197552423578064,injection
ebe ,0.05317454902844091,injection
rial,-0.05317426526291652,benign
 ele,-0.053155406670350284,benign
impro,-0.05311835665914926,benign
impr,-0.05311835665914926,benign
prove,-0.05311835665914926,benign
mprov,-0.05311835665914926,benign
mpro,-0.05311835665914926,benign
mpr,-0.05311835665914926,benign
 impr,-0.05311835665914926,benign
stadt,-0.05311009683549143,benign
stad,-0.05311009683549143,benign
tad,-0.05311009683549143,benign
 stad,-0.05311009683549143,benign
tadt,-0.05311009683549143,benign
 few ,-0.05309154733408328,benign
 few,-0.05309154733408328,benign
few,-0.05309154733408328,benign
few ,-0.05309154733408328,benign
tec,-0.05308608390307835,benign
try ,-0.053073667552429614,benign
tisch,0.05307299143468335,injection
tisc,0.05307299143468335,injection
 ea,0.053027251223664286,injection
eit,-0.052993886633163914,benign
eak,0.05299172458588758,injection
bau,-0.05295130192605736,benign
ball ,-0.052940856422085555,benign
vel,-0.05294021894482499,benign
pt?,-0.05289519177041601,benign
ompt?,-0.05289519177041601,benign
pendi,-0.05283899654170014,benign
only ,0.05278841928062056,injection
only,0.05278841928062056,injection
 sho,0.05275608769338902,injection
sho,0.05275608769338902,injection
 freu,-0.05270781494579235,benign
lände,-0.0527026770200111,benign
 länd,-0.0527026770200111,benign
länd,-0.0527026770200111,benign
ndlic,-0.05267126742622238,benign
dlich,-0.05267126742622238,benign
dlic,-0.05267126742622238,benign
ndli,-0.05267126742622238,benign
gni,0.05267008387232094,injection
twas ,0.052666210574384975,injection
oon,0.05253863778918908,injection
rave,-0.05249673023034651,benign
trave,-0.05249673023034651,benign
 trav,-0.05249673023034651,benign
avel,-0.05249673023034651,benign
trav,-0.05249673023034651,benign
ravel,-0.05249673023034651,benign
tenti,0.052450630049835544,injection
ifi,0.05241796841491246,injection
nsura,-0.05240767052424973,benign
isr,-0.05239657557017249,benign
" vor,",0.05236834216878298,injection
 erse,0.052361147505527,injection
tzen ,0.052361147505527,injection
extes,0.052323006751922904,injection
xtes ,0.052323006751922904,injection
xtes,0.052323006751922904,injection
eme,0.05228371300879638,injection
proj,-0.052280893752253116,benign
roje,-0.052280893752253116,benign
oje,-0.052280893752253116,benign
roj,-0.052280893752253116,benign
proje,-0.052280893752253116,benign
ust,0.052267069415323116,injection
siona,-0.052215410135479014,benign
fessi,-0.052215410135479014,benign
essio,-0.052215410135479014,benign
reven,-0.05217005351676852,benign
preve,-0.05217005351676852,benign
aying,0.05214561699557783,injection
ayin,0.05214561699557783,injection
ayi,0.05214561699557783,injection
at? ,0.05214217561034522,injection
at?,0.05214217561034522,injection
onl,0.052135272882831915,injection
ns? ,-0.052130088694210944,benign
pai,0.051997869516765036,injection
inf,0.05198219187920102,injection
ghts,0.05196970592565682,injection
rio,0.05187266032062589,injection
 am,-0.05186514547374356,benign
fin,-0.0518291766782991,benign
dat,0.05182518424354785,injection
hat',-0.0517533553674481,benign
hat's,-0.0517533553674481,benign
at's,-0.0517533553674481,benign
at's ,-0.0517533553674481,benign
at',-0.0517533553674481,benign
pub,-0.051746044864938584,benign
publ,-0.051746044864938584,benign
publi,-0.051746044864938584,benign
ssig,0.05164165108884046,injection
kel,-0.051632136767955646,benign
 two,0.051621737968381404,injection
 two ,0.051621737968381404,injection
 tw,0.051621737968381404,injection
two ,0.051621737968381404,injection
nter,-0.05160502599209447,benign
air,-0.051591856685588064,benign
sm ,-0.05152403529043111,benign
inge,0.051473403080077,injection
range,0.05145886242215761,injection
rang,0.05145886242215761,injection
orang,0.05145886242215761,injection
 vora,0.05145886242215761,injection
oran,0.05145886242215761,injection
ork ,-0.0514459427999273,benign
min,-0.051441921084455056,benign
 fran,-0.05142115555672759,benign
fran,-0.05142115555672759,benign
lega,0.05140212624055019,injection
 als ,0.05134897014544981,injection
one! ,0.05133733835080926,injection
one!,0.05133733835080926,injection
 side,0.05133629913363545,injection
bate,0.05133629913363545,injection
ased ,0.05133629913363545,injection
ased,0.05133629913363545,injection
ebate,0.05133629913363545,injection
 sid,0.05133629913363545,injection
unse,-0.051330384382299164,benign
 unse,-0.051330384382299164,benign
sere ,-0.051330384382299164,benign
unser,-0.051330384382299164,benign
nsere,-0.051330384382299164,benign
rung,-0.051306678761399264,benign
cht? ,-0.051300530564230715,benign
ht? ,-0.051300530564230715,benign
nien,-0.05129711947993908,benign
nien ,-0.05129711947993908,benign
 habe,-0.05129580211374236,benign
habe,-0.05129580211374236,benign
slat,0.05129284155063317,injection
role.,0.05128557283153442,injection
orbed,0.05128557283153442,injection
at: ,0.05128557283153442,injection
ole.,0.05128557283153442,injection
omes ,0.05128557283153442,injection
ole. ,0.05128557283153442,injection
abso,0.05128557283153442,injection
rbed,0.05128557283153442,injection
rbed ,0.05128557283153442,injection
at:,0.05128557283153442,injection
absor,0.05128557283153442,injection
omes,0.05128557283153442,injection
fter,0.051258709337738385,injection
 afte,0.051258709337738385,injection
 aft,0.051258709337738385,injection
after,0.051258709337738385,injection
 me,-0.05125801864138366,benign
are. ,-0.05125066463427905,benign
are.,-0.05125066463427905,benign
each ,0.05124681624896397,injection
 each,0.05124681624896397,injection
 eac,0.05124681624896397,injection
irts,-0.05122997739856679,benign
in?,-0.051176075486038045,benign
rty,-0.05115692712245252,benign
lien,-0.05110521712005995,benign
nfo,0.051064336927141,injection
info,0.051064336927141,injection
nfor,0.051064336927141,injection
 info,0.051064336927141,injection
nform,0.051064336927141,injection
infor,0.051064336927141,injection
 verä,-0.05103288944374652,benign
ölke,-0.05103288944374652,benign
ölker,-0.05103288944374652,benign
chw,-0.051010214764062416,benign
chwe,-0.051010214764062416,benign
schwe,-0.051010214764062416,benign
schw,-0.051010214764062416,benign
hwe,-0.051010214764062416,benign
aster,0.05099938269290263,injection
oni,0.05099603996137906,injection
maste,0.050955908922018074,injection
mast,0.050955908922018074,injection
 mas,0.050955908922018074,injection
 mast,0.050955908922018074,injection
ghte,0.050949889379418405,injection
addi,0.050940100845630214,injection
ddi,0.050940100845630214,injection
 addi,0.050940100845630214,injection
 näm,0.05081677156927486,injection
leis,0.05081677156927486,injection
ämli,0.05081677156927486,injection
 näml,0.05081677156927486,injection
ämlic,0.05081677156927486,injection
angen,0.05081677156927486,injection
äml,0.05081677156927486,injection
stung,0.05081677156927486,injection
nämli,0.05081677156927486,injection
näml,0.05081677156927486,injection
tung!,0.05081677156927486,injection
istu,0.05081677156927486,injection
ng! ,0.05081677156927486,injection
ng!,0.05081677156927486,injection
eistu,0.05081677156927486,injection
istun,0.05081677156927486,injection
stun,0.05081677156927486,injection
mlic,0.05081677156927486,injection
ung! ,0.05081677156927486,injection
leist,0.05081677156927486,injection
ung!,0.05081677156927486,injection
näm,0.05081677156927486,injection
 leis,0.05081677156927486,injection
mlich,0.05081677156927486,injection
mli,0.05081677156927486,injection
ibt. ,-0.05077957053950082,benign
bt. ,-0.05077957053950082,benign
ude,0.05076527369497966,injection
 ri,-0.05075046497846269,benign
 he,0.05073994301804142,injection
igh,-0.05073957465722446,benign
ight,-0.05073957465722446,benign
eopl,-0.0507178682446771,benign
 peo,-0.0507178682446771,benign
 peop,-0.0507178682446771,benign
ople,-0.0507178682446771,benign
opl,-0.0507178682446771,benign
eop,-0.0507178682446771,benign
eople,-0.0507178682446771,benign
peo,-0.0507178682446771,benign
peop,-0.0507178682446771,benign
peopl,-0.0507178682446771,benign
ask.,0.05066449758741396,injection
ask. ,0.05066449758741396,injection
ndes,-0.05061646041005593,benign
tst,-0.050509176478255514,benign
 mög,-0.05050644811825023,benign
 mögl,-0.05050644811825023,benign
nd? ,-0.05044654759130821,benign
eler ,0.05042446301579405,injection
 zu,0.050418490007638164,injection
 only,0.05039151888792489,injection
eli,0.050375954848039556,injection
fly,0.050370305884927004,injection
 fly,0.050370305884927004,injection
ason ,0.050357605131158216,injection
ssern,-0.050325452871219006,benign
sern,-0.050325452871219006,benign
pain,0.05010987825838251,injection
rful,0.050097045414946736,injection
rfu,0.050097045414946736,injection
til,0.05009617780729314,injection
deres,0.05004828066231977,injection
 play,0.05001602858394405,injection
f. ,0.05000441517931811,injection
from ,-0.04998559735172389,benign
from,-0.04998559735172389,benign
rom ,-0.04998559735172389,benign
 from,-0.04998559735172389,benign
gri,-0.04997960916717036,benign
retur,-0.04995873252525904,benign
retu,-0.04995873252525904,benign
ren.,0.04993823118968508,injection
ren. ,0.04993823118968508,injection
sind.,-0.04991618330522011,benign
ndl,-0.04991554373426981,benign
ctors,0.0498479856629352,injection
actor,0.0498479856629352,injection
acto,0.0498479856629352,injection
bly ,0.049823547912311035,injection
ürde ,-0.04982216757963737,benign
ürde,-0.04982216757963737,benign
würde,-0.04982216757963737,benign
 wü,-0.04982216757963737,benign
 wür,-0.04982216757963737,benign
 würd,-0.04982216757963737,benign
ussi,-0.04980636935959035,benign
econd,0.04980210877417883,injection
sec,0.04980210877417883,injection
 seco,0.04980210877417883,injection
 sec,0.04980210877417883,injection
secon,0.04980210877417883,injection
seco,0.04980210877417883,injection
 onl,0.04973876548863363,injection
.0 ,-0.04969446023048762,benign
4.0,-0.04969446023048762,benign
4.0 ,-0.04969446023048762,benign
ry. ,0.0496909276436677,injection
ry.,0.0496909276436677,injection
-ma,-0.04967893117257014,benign
urs ,-0.04967665394748659,benign
etzen,0.04967072788219786,injection
rschu,-0.04966072763172658,benign
rki,0.04952301704408903,injection
rkin,0.04952301704408903,injection
ities,0.049519582072935275,injection
ties,0.049519582072935275,injection
rove,-0.04951594987367338,benign
den.,0.049460816063605,injection
rden.,0.049460816063605,injection
 fai,-0.049454852825853955,benign
fail,-0.049454852825853955,benign
 fail,-0.049454852825853955,benign
reit,-0.049444464630562686,benign
ransl,0.04944444843830151,injection
rans,0.04944444843830151,injection
tran,0.04944444843830151,injection
nsl,0.04944444843830151,injection
 tran,0.04944444843830151,injection
trans,0.04944444843830151,injection
ansla,0.04944444843830151,injection
nslat,0.04944444843830151,injection
nsla,0.04944444843830151,injection
ansl,0.04944444843830151,injection
open ,-0.04943689912875943,benign
ome,0.04943581591892166,injection
 imp,-0.049368418434667084,benign
 kur,0.04934629620743582,injection
ght,0.04932942732633048,injection
läs,0.04932518441560596,injection
ichts,0.04931021772877737,injection
chts ,0.04931021772877737,injection
 erkl,0.04931021772877737,injection
ndem ,0.04930369576258727,injection
 sti,0.049245777553352826,injection
chil,-0.049219277722776955,benign
child,-0.049219277722776955,benign
 chil,-0.049219277722776955,benign
hild,-0.049219277722776955,benign
 ja,-0.04920514568174357,benign
sorg,-0.049203722133582234,benign
rsorg,-0.049203722133582234,benign
rsor,-0.049203722133582234,benign
lisch,0.04920264344198494,injection
lisc,0.04920264344198494,injection
glisc,0.04920264344198494,injection
cted ,-0.04918233667363386,benign
cted,-0.04918233667363386,benign
-le,0.04917351050804482,injection
-lev,0.04917351050804482,injection
-leve,0.04917351050804482,injection
rn.,-0.04915057724853028,benign
rn. ,-0.04915057724853028,benign
fter ,0.04913945082854548,injection
raf,-0.04911029039154637,benign
iger ,-0.049056445903959266,benign
sse,0.04904879656544675,injection
fen ,-0.04904745188175801,benign
pan,-0.04900464732788015,benign
dem ,0.049004471786992757,injection
ail,0.04899655231494546,injection
sef ,-0.048995386180198545,benign
fsef ,-0.048995386180198545,benign
schen,-0.048980378924067175,benign
 lä,-0.04896376765707601,benign
eige,0.04893795842174568,injection
rthda,-0.04893719697869629,benign
rthd,-0.04893719697869629,benign
tit,0.048928009856550915,injection
tzun,0.04889742264132066,injection
zung ,0.04889742264132066,injection
zung,0.04889742264132066,injection
tzu,0.04889742264132066,injection
tzung,0.04889742264132066,injection
erle,0.04888210517581975,injection
rle,0.04888210517581975,injection
ote ,-0.04886965058093655,benign
 tip,-0.04885232009081533,benign
lei,0.04881734406864693,injection
ndi,-0.04879952168870291,benign
stu,0.048759878703760945,injection
men? ,-0.04871140469827491,benign
ness,-0.048659914420031126,benign
reve,-0.048598005954228515,benign
neten,-0.04850818927733117,benign
ienc,-0.0485013028058758,benign
want ,0.04850097960648692,injection
cts,-0.04847875440597174,benign
musst,0.04846382083014022,injection
rsa,0.048445936078978354,injection
ersa,0.048445936078978354,injection
stil,0.04842638035550237,injection
 stil,0.04842638035550237,injection
ieten,-0.04840197025321322,benign
iete,-0.04840197025321322,benign
veau,0.04834027384169167,injection
 wö,0.04834027384169167,injection
örter,0.04834027384169167,injection
 kor,0.04834027384169167,injection
ätz,0.04834027384169167,injection
ätze,0.04834027384169167,injection
sät,0.04834027384169167,injection
örte,0.04834027384169167,injection
ätze ,0.04834027384169167,injection
 wör,0.04834027384169167,injection
 wört,0.04834027384169167,injection
veau ,0.04834027384169167,injection
korre,0.04834027384169167,injection
sätz,0.04834027384169167,injection
 korr,0.04834027384169167,injection
sätze,0.04834027384169167,injection
rrek,0.04834027384169167,injection
rrekt,0.04834027384169167,injection
rekt,0.04834027384169167,injection
ivea,0.04834027384169167,injection
orrek,0.04834027384169167,injection
vea,0.04834027384169167,injection
rter,0.04834027384169167,injection
rek,0.04834027384169167,injection
rter ,0.04834027384169167,injection
nivea,0.04834027384169167,injection
eau ,0.04834027384169167,injection
 sätz,0.04834027384169167,injection
wört,0.04834027384169167,injection
 sät,0.04834027384169167,injection
wör,0.04834027384169167,injection
wörte,0.04834027384169167,injection
iveau,0.04834027384169167,injection
ert? ,-0.04832968211437492,benign
ood,-0.048281741060897304,benign
rch ,-0.04827793993178445,benign
rein,0.048263023065000965,injection
oba,0.04819976581826624,injection
obab,0.04819976581826624,injection
robab,0.04819976581826624,injection
roba,0.04819976581826624,injection
ably ,0.04819976581826624,injection
prob,0.04819976581826624,injection
proba,0.04819976581826624,injection
obabl,0.04819976581826624,injection
echen,0.04813965796953906,injection
 bac,-0.0480637881695507,benign
back,-0.0480637881695507,benign
bac,-0.0480637881695507,benign
 back,-0.0480637881695507,benign
back ,-0.0480637881695507,benign
ips,-0.04802206809483573,benign
ochen,-0.0479972289667377,benign
oche,-0.0479972289667377,benign
outh,-0.047973062578934036,benign
 sou,-0.047973062578934036,benign
 sout,-0.047973062578934036,benign
fit,-0.04794156867848164,benign
 fit,-0.04794156867848164,benign
 gp,0.047920577402024524,injection
 gpt,0.047920577402024524,injection
onal ,0.04789793913805829,injection
ezep,-0.047892717810006556,benign
 rez,-0.047892717810006556,benign
 reze,-0.047892717810006556,benign
rez,-0.047892717810006556,benign
rezep,-0.047892717810006556,benign
zept,-0.047892717810006556,benign
zep,-0.047892717810006556,benign
ept,-0.047892717810006556,benign
ezept,-0.047892717810006556,benign
reze,-0.047892717810006556,benign
day ,-0.04787308260372967,benign
old ,0.04787046579103792,injection
achen,-0.04783684922481147,benign
equ,0.04780613634436824,injection
 requ,0.04780613634436824,injection
req,0.04780613634436824,injection
requ,0.04780613634436824,injection
 req,0.04780613634436824,injection
vin,0.04777868894664328,injection
men,0.04773958378969682,injection
bur,0.04773953479978071,injection
ihr,-0.04773444936731844,benign
 ihr,-0.04773444936731844,benign
ammi,-0.047707492811129314,benign
rammi,-0.047707492811129314,benign
mus ,0.04769567303572819,injection
rismu,0.04769567303572819,injection
smus ,0.04769567303572819,injection
dar,0.047690480894985544,injection
aft?,-0.0476484058671319,benign
aft? ,-0.0476484058671319,benign
"as, ",0.04759960812950417,injection
"as,",0.04759960812950417,injection
hme,-0.047589692907698655,benign
 gree,0.04751225892820884,injection
loc,-0.047506026627306026,benign
piel ,-0.047481200157307994,benign
rtik,0.04747767647480518,injection
ikel,0.04747767647480518,injection
tike,0.04747767647480518,injection
artik,0.04747767647480518,injection
rtike,0.04747767647480518,injection
tikel,0.04747767647480518,injection
anin,-0.047420808176595636,benign
aning,-0.047420808176595636,benign
nete,-0.04741678736899963,benign
gib,-0.04741422604318527,benign
 gib,-0.04741422604318527,benign
 ka,-0.04739949849722474,benign
ister,0.047317013556426715,injection
rente,-0.0472802022807645,benign
nähru,-0.04727300875004407,benign
rnähr,-0.04727300875004407,benign
rnä,-0.04727300875004407,benign
rnäh,-0.04727300875004407,benign
nähr,-0.04727300875004407,benign
näh,-0.04727300875004407,benign
 both,0.047269527387185435,injection
both ,0.047269527387185435,injection
 bot,0.047269527387185435,injection
oth ,0.047269527387185435,injection
both,0.047269527387185435,injection
pin,0.04721615227630563,injection
 swea,0.04717211029530733,injection
 swe,0.04717211029530733,injection
 ze,0.047137246180904334,injection
aking,0.04712265244465306,injection
ario,0.04712265244465306,injection
ruthe,0.04712265244465306,injection
peech,0.04712265244465306,injection
peec,0.04712265244465306,injection
 spee,0.04712265244465306,injection
adica,0.04712265244465306,injection
adic,0.04712265244465306,injection
ario?,0.04712265244465306,injection
pee,0.04712265244465306,injection
ruth,0.04712265244465306,injection
rut,0.04712265244465306,injection
radic,0.04712265244465306,injection
rio? ,0.04712265244465306,injection
rio?,0.04712265244465306,injection
akin,0.04712265244465306,injection
aki,0.04712265244465306,injection
peaki,0.04712265244465306,injection
ltur,-0.04708891219225605,benign
ltu,-0.04708891219225605,benign
ultu,-0.04708891219225605,benign
ultur,-0.04708891219225605,benign
tart ,0.04708110613278389,injection
trad,-0.04700788561120417,benign
 trad,-0.04700788561120417,benign
job ,-0.046998830226508116,benign
ob ,-0.046998830226508116,benign
 job ,-0.046998830226508116,benign
nar,0.04697994822453833,injection
chri,0.04695791734468605,injection
hri,0.04695791734468605,injection
 tim,0.046937805319209,injection
tim,0.046937805319209,injection
ack,-0.04688815576561771,benign
giere,0.046854863118912446,injection
akti,0.046828523349415514,injection
nges,-0.04681416865168704,benign
aue,0.04681235622930987,injection
maß,-0.04678746449213121,benign
aßna,-0.04678746449213121,benign
aßn,-0.04678746449213121,benign
aßnah,-0.04678746449213121,benign
ßnahm,-0.04678746449213121,benign
ßna,-0.04678746449213121,benign
ahmen,-0.04678746449213121,benign
nahme,-0.04678746449213121,benign
maßna,-0.04678746449213121,benign
ahm,-0.04678746449213121,benign
ahme,-0.04678746449213121,benign
maßn,-0.04678746449213121,benign
nahm,-0.04678746449213121,benign
ßnah,-0.04678746449213121,benign
paper,0.04670524795686289,injection
spap,0.04670524795686289,injection
spape,0.04670524795686289,injection
ewspa,0.04670524795686289,injection
ewsp,0.04670524795686289,injection
newsp,0.04670524795686289,injection
wspa,0.04670524795686289,injection
wspap,0.04670524795686289,injection
aper,0.04670524795686289,injection
wsp,0.04670524795686289,injection
pape,0.04670524795686289,injection
pap,0.04670524795686289,injection
lin,0.046670131450645046,injection
"pt,",0.046624980561236866,injection
onia,0.046624980561236866,injection
"pt, ",0.046624980561236866,injection
nial,0.046624980561236866,injection
olon,0.046624980561236866,injection
oloni,0.046624980561236866,injection
onial,0.046624980561236866,injection
imp,-0.04659049476126892,benign
chen.,-0.046539392780590674,benign
aftsb,0.04652711471124833,injection
afts,0.04652711471124833,injection
ero,-0.046446667596237196,benign
uri,0.04642097741243227,injection
stü,0.046393403172695295,injection
 gru,0.046393403172695295,injection
ving ,0.04639323777759259,injection
ving,0.04639323777759259,injection
ange ,-0.04635116241529281,benign
mein ,0.04632790694023143,injection
rso,-0.046303946795354316,benign
play ,0.04623139218486435,injection
sts,-0.04622757018825038,benign
one ,0.04620525067730818,injection
nsur,-0.046120060157105916,benign
nsu,-0.046120060157105916,benign
lamm,0.04608945250976592,injection
lamme,0.04608945250976592,injection
ay.,0.04605820828964218,injection
ture,-0.046039776756684504,benign
ture ,-0.046039776756684504,benign
come,0.04600619911493045,injection
 denn,0.04599003492051554,injection
denn,0.04599003492051554,injection
 ful,0.045974857786124645,injection
 full,0.045974857786124645,injection
satz ,0.0458876542834449,injection
atz ,0.0458876542834449,injection
ract,0.045855578285122725,injection
gut,0.04583851847730519,injection
 gut,0.04583851847730519,injection
üch,-0.04577524032156434,benign
 art,0.04577394971240091,injection
eman,0.04574188493583923,injection
au ,0.045733309340198175,injection
ndem,-0.04572529112856259,benign
ege,0.045717423664160824,injection
artic,-0.045673350716116536,benign
rtic,-0.045673350716116536,benign
 hous,-0.045666882333579004,benign
hous,-0.045666882333579004,benign
 beh,0.04565336922648691,injection
beh,0.04565336922648691,injection
schi,-0.045605037133237374,benign
tens,-0.04560041420798867,benign
desse,-0.04558305140360214,benign
essen,-0.04558305140360214,benign
dess,-0.04558305140360214,benign
area ,-0.045563790493560956,benign
rea ,-0.045563790493560956,benign
area,-0.045563790493560956,benign
 ​​,-0.045563790493560956,benign
ickl,-0.04554750441319861,benign
ckl,-0.04554750441319861,benign
acht!,0.04554431981393814,injection
estr,0.04554086220077438,injection
elle,0.045527504087431114,injection
uer,0.045504090108214004,injection
 us,0.0454483356795293,injection
 mea,-0.0454444728623187,benign
mea,-0.0454444728623187,benign
anne,-0.04543684651493541,benign
oca,-0.04535572418699654,benign
ocate,-0.04535572418699654,benign
ocat,-0.04535572418699654,benign
 hit,0.04531505670594736,injection
"no."" ",0.0453124901401548,injection
"eno.""",0.0453124901401548,injection
"o.""",0.0453124901401548,injection
"o."" ",0.0453124901401548,injection
deno,0.0453124901401548,injection
 deno,0.0453124901401548,injection
"no.""",0.0453124901401548,injection
no.,0.0453124901401548,injection
lus,0.0453124901401548,injection
eno.,0.0453124901401548,injection
deno.,0.0453124901401548,injection
voll,0.045282410825061924,injection
ind.,-0.04526601624232578,benign
ind. ,-0.04526601624232578,benign
 ad,-0.04524215618172831,benign
over,-0.04517281929398117,benign
ategi,0.045103547542054825,injection
egie,0.045103547542054825,injection
tegi,0.045103547542054825,injection
tegie,0.045103547542054825,injection
ift,0.04508489937960062,injection
arm,0.045054449548066235,injection
 mal,0.04502406663981984,injection
tle,0.04496329224511452,injection
 krea,-0.044953892980791915,benign
kreat,-0.044953892980791915,benign
krea,-0.044953892980791915,benign
ous,0.04491883030486915,injection
rtant,0.04491044165731729,injection
able ,0.044870331554945075,injection
lke,-0.0448090093842784,benign
nish,0.04477888611058481,injection
anish,0.04477888611058481,injection
ping,0.04474130760699269,injection
 ef,-0.044705321969891985,benign
 effe,-0.044705321969891985,benign
 eff,-0.044705321969891985,benign
mier,-0.04469096101916101,benign
oye,-0.04466205083707288,benign
cce,0.04462811317431956,injection
cess,0.04462811317431956,injection
cces,0.04462811317431956,injection
ccess,0.04462811317431956,injection
"?"" ",0.04460900116148547,injection
" ""ey,",0.04460900116148547,injection
"""ey,",0.04460900116148547,injection
"""ey",0.04460900116148547,injection
amera,0.04460900116148547,injection
acker,0.04460900116148547,injection
"""ey, ",0.04460900116148547,injection
ktiv,-0.044517621560255675,benign
sk ,0.04447644625082622,injection
 frie,-0.04446413562439458,benign
 fri,-0.04446413562439458,benign
ols,-0.04446288152655117,benign
ols ,-0.04446288152655117,benign
 end,0.04446050681090178,injection
ty. ,-0.044438933063976116,benign
ty.,-0.044438933063976116,benign
blo,0.044429015319148814,injection
block,0.044429015319148814,injection
bloc,0.044429015319148814,injection
playi,0.044410962901208974,injection
erden,0.0444087276919544,injection
try,-0.044393188487308416,benign
 kurs,-0.04437044843426674,benign
kurse,-0.04437044843426674,benign
 rou,-0.04436019640771866,benign
rout,-0.04436019640771866,benign
route,-0.04436019640771866,benign
 rout,-0.04436019640771866,benign
icles,0.04434512612416336,injection
cles,0.04434512612416336,injection
word,0.044284763877067944,injection
mal ,0.04425677114056915,injection
nati,0.044244805939473976,injection
orca ,-0.044244121257452564,benign
orc,-0.044244121257452564,benign
llorc,-0.044244121257452564,benign
 mall,-0.044244121257452564,benign
rca ,-0.044244121257452564,benign
allor,-0.044244121257452564,benign
orca,-0.044244121257452564,benign
lorc,-0.044244121257452564,benign
lorca,-0.044244121257452564,benign
mallo,-0.044244121257452564,benign
"rten,",0.044226991832037446,injection
rken,0.044226991832037446,injection
erken,0.044226991832037446,injection
stri,-0.04422127799015112,benign
scha,-0.0441579796639639,benign
"ber,",0.044144187176766804,injection
"ber, ",0.044144187176766804,injection
acces,0.04413933951786193,injection
acce,0.04413933951786193,injection
 hel,0.04408138548815147,injection
"b, ",0.04408074735556185,injection
okay.,0.04400471027439653,injection
oka,0.04400471027439653,injection
okay,0.04400471027439653,injection
kay.,0.04400471027439653,injection
 oka,0.04400471027439653,injection
 okay,0.04400471027439653,injection
kay,0.04400471027439653,injection
port ,0.04394757810664139,injection
s}.,0.043933656885513483,injection
inux,0.043933656885513483,injection
linu,0.043933656885513483,injection
pwd,0.043933656885513483,injection
nux,0.043933656885513483,injection
s}. ,0.043933656885513483,injection
 linu,0.043933656885513483,injection
pwd ,0.043933656885513483,injection
linux,0.043933656885513483,injection
}. ,0.043933656885513483,injection
 pwd,0.043933656885513483,injection
 pwd ,0.043933656885513483,injection
wd ,0.043933656885513483,injection
outes,0.04393226499964525,injection
were,0.04386421929830337,injection
uft,0.04385896099489755,injection
'nt ,0.04385445936714558,injection
on'nt,0.04385445936714558,injection
on'n,0.04385445936714558,injection
'nt,0.04385445936714558,injection
tige ,0.043852678774121155,injection
ftl,0.043842970920863485,injection
aftl,0.043842970920863485,injection
ipp,-0.04383569648219217,benign
ipps,-0.04383569648219217,benign
tipp,-0.04383569648219217,benign
tipps,-0.04383569648219217,benign
 tipp,-0.04383569648219217,benign
pps,-0.04383569648219217,benign
pps ,-0.04383569648219217,benign
ipps ,-0.04383569648219217,benign
ruf,-0.04380262884323705,benign
eruf,-0.04380262884323705,benign
 beru,-0.04380262884323705,benign
beru,-0.04380262884323705,benign
beruf,-0.04380262884323705,benign
sar,0.043796545026355826,injection
ask ,0.04376441534668207,injection
ach,0.04375337746819859,injection
faso?,0.04374666059517743,injection
burk,0.04374666059517743,injection
burki,0.04374666059517743,injection
so?,0.04374666059517743,injection
so? ,0.04374666059517743,injection
rkina,0.04374666059517743,injection
kina,0.04374666059517743,injection
 fas,0.04374666059517743,injection
urk,0.04374666059517743,injection
urki,0.04374666059517743,injection
 faso,0.04374666059517743,injection
aso?,0.04374666059517743,injection
aso? ,0.04374666059517743,injection
 burk,0.04374666059517743,injection
urkin,0.04374666059517743,injection
faso,0.04374666059517743,injection
kina ,0.04374666059517743,injection
nqu,-0.04373723154376418,benign
ieht ,-0.043737028551972194,benign
sieh,-0.043737028551972194,benign
ieht,-0.043737028551972194,benign
sieht,-0.043737028551972194,benign
 sieh,-0.043737028551972194,benign
"ol"" ",0.043712421914750624,injection
"""lol""",0.043712421914750624,injection
" ""lol",0.043712421914750624,injection
"ol""",0.043712421914750624,injection
" ""lo",0.043712421914750624,injection
"""lo",0.043712421914750624,injection
"""lol",0.043712421914750624,injection
" ""l",0.043712421914750624,injection
rendi,0.043709535491971936,injection
itab,-0.04367071122392796,benign
itabl,-0.04367071122392796,benign
uitab,-0.04367071122392796,benign
uita,-0.04367071122392796,benign
suita,-0.04367071122392796,benign
komm,0.04360234391748357,injection
kom,0.04360234391748357,injection
reno,-0.0435875718650128,benign
nov,-0.0435875718650128,benign
renov,-0.0435875718650128,benign
aving,0.043560302456265736,injection
avin,0.043560302456265736,injection
trit,-0.043554491976094595,benign
ise,-0.04352518931717866,benign
"nn,",0.043521593757565216,injection
"nn, ",0.043521593757565216,injection
destr,0.043467093382582346,injection
 dest,0.043467093382582346,injection
 erf,0.04343930079225533,injection
roy,0.0434390373815539,injection
 des,0.04341863135709399,injection
toda,0.04335148102980586,injection
oda,0.04335148102980586,injection
 toda,0.04335148102980586,injection
esuch,-0.04334767677577216,benign
besuc,-0.04334767677577216,benign
besu,-0.04334767677577216,benign
esuc,-0.04334767677577216,benign
 besu,-0.04334767677577216,benign
uchen,-0.04334767677577216,benign
egu,-0.04331906293144191,benign
elect,0.0433056909783781,injection
elec,0.0433056909783781,injection
hle ,0.04329704269411481,injection
ehle ,0.04329704269411481,injection
iza,-0.0432970341763595,benign
tizat,-0.0432970341763595,benign
giti,-0.0432970341763595,benign
gitiz,-0.0432970341763595,benign
zati,-0.0432970341763595,benign
zat,-0.0432970341763595,benign
zatio,-0.0432970341763595,benign
igiti,-0.0432970341763595,benign
tiza,-0.0432970341763595,benign
izati,-0.0432970341763595,benign
tiz,-0.0432970341763595,benign
izat,-0.0432970341763595,benign
itiz,-0.0432970341763595,benign
itiza,-0.0432970341763595,benign
erer ,0.04325374575778135,injection
endl,-0.04324097816249525,benign
ntry,0.0432012135544589,injection
mean,-0.04318078999852846,benign
 mean,-0.04318078999852846,benign
 why,0.04314708043534092,injection
ips ,-0.043137028674661605,benign
ast,0.04312692330692376,injection
 exc,0.043125375476239416,injection
exc,0.043125375476239416,injection
fer ,-0.04311771864696033,benign
ffer ,-0.04311771864696033,benign
gan,-0.04309649905184814,benign
inabi,-0.043006892095007215,benign
nabil,-0.043006892095007215,benign
nabi,-0.043006892095007215,benign
tler,0.04297979873554078,injection
tler ,0.04297979873554078,injection
hitle,0.04297979873554078,injection
itl,0.04297979873554078,injection
itle,0.04297979873554078,injection
 hitl,0.04297979873554078,injection
itler,0.04297979873554078,injection
hitl,0.04297979873554078,injection
oing?,-0.0429096900292853,benign
nia,0.04289720927820017,injection
ific,0.042844980864946376,injection
 how',0.04279146268440299,injection
how's,0.04279146268440299,injection
w's ,0.04279146268440299,injection
w's,0.04279146268440299,injection
how',0.04279146268440299,injection
ow's ,0.04279146268440299,injection
ow',0.04279146268440299,injection
ow's,0.04279146268440299,injection
gui,0.04278664004885458,injection
oduct,-0.04278050353252452,benign
ket,0.042693328258454025,injection
ffen,0.04265295117739727,injection
rus,-0.04265039310532112,benign
ckelt,-0.042632114026722186,benign
kelt,-0.042632114026722186,benign
tigke,0.04263023920119137,injection
tigk,0.04263023920119137,injection
keit ,0.04263023920119137,injection
ehen,0.04261294890188186,injection
mend,0.04258585618757658,injection
pen,-0.04254038757428543,benign
schri,0.04251018205616542,injection
ney,-0.04249029234286409,benign
oney,-0.04249029234286409,benign
 won,-0.04244263573201995,benign
muc,-0.04238178781237903,benign
acked,-0.04236635332941754,benign
reen,0.04235878026317988,injection
reens,0.04235878026317988,injection
 pe,-0.04235311348944196,benign
other,0.04231734349530691,injection
othe,0.04231734349530691,injection
tsbe,0.04231461075377339,injection
sbe,0.04231461075377339,injection
tsb,0.04231461075377339,injection
nge,0.04231107992601959,injection
nem,-0.042273079797844525,benign
 toll,0.04218273468222661,injection
rre,-0.04217842052206658,benign
's ,0.04214132058637939,injection
igt ,-0.04213675541584602,benign
sks ,0.04211799405811414,injection
ndin ,-0.04211410738756007,benign
din ,-0.04211410738756007,benign
eundi,-0.04211410738756007,benign
undi,-0.04211410738756007,benign
undin,-0.04211410738756007,benign
yon,0.04207535076853766,injection
 his ,0.042068018515227734,injection
 his,0.042068018515227734,injection
cial ,-0.042037678094651795,benign
spani,0.04203309420069701,injection
 span,0.04203309420069701,injection
span,0.04203309420069701,injection
 reco,0.04202194761827812,injection
reco,0.04202194761827812,injection
ng.,0.042014041115345444,injection
ng. ,0.042014041115345444,injection
de. ,0.042000532137691754,injection
de.,0.042000532137691754,injection
ehlen,-0.041959013928728355,benign
rsc,-0.04195702582573246,benign
rsch,-0.04195702582573246,benign
nsche,-0.04195560856705694,benign
ach ,0.0419314690071077,injection
consi,-0.04191870242704222,benign
sider,-0.04191870242704222,benign
onsid,-0.04191870242704222,benign
onsi,-0.04191870242704222,benign
ns?,-0.041907106607595244,benign
thre,0.041851884791129286,injection
hree,0.041851884791129286,injection
three,0.041851884791129286,injection
 thre,0.041851884791129286,injection
hree ,0.041851884791129286,injection
 sei ,0.041795862753331525,injection
sei ,0.041795862753331525,injection
ow. ,0.04177645041995161,injection
ow.,0.04177645041995161,injection
w. ,0.04177645041995161,injection
ront,0.04176526909632292,injection
lung,-0.04176311491376859,benign
hoo,-0.04174418950956598,benign
choo,-0.04174418950956598,benign
asks ,0.04172652716854169,injection
ple ,-0.041711244626596276,benign
an:,0.041704991887199186,injection
an: ,0.041704991887199186,injection
mpl,0.04167436785345148,injection
ects,-0.04167156638794595,benign
plea ,0.0416320633814273,injection
"op,",0.0416320633814273,injection
"op, ",0.0416320633814273,injection
rlfr,-0.041626964979240115,benign
rlf,-0.041626964979240115,benign
rlfri,-0.041626964979240115,benign
rketi,-0.04162653790977254,benign
lang ,0.041604462821438565,injection
ohns,0.041604462821438565,injection
ohns ,0.041604462821438565,injection
ldend,0.041604462821438565,injection
rsone,0.041604462821438565,injection
tspie,0.041604462821438565,injection
mits,0.041604462821438565,injection
"eb,",0.041604462821438565,injection
sone,0.041604462821438565,injection
"eb, ",0.041604462821438565,injection
fall ,0.041604462821438565,injection
sonen,0.041604462821438565,injection
hns,0.041604462821438565,injection
"dieb,",0.041604462821438565,injection
ubild,0.041604462821438565,injection
johns,0.041604462821438565,injection
"ler, ",0.041604462821438565,injection
bilde,0.041604462821438565,injection
 mits,0.041604462821438565,injection
mitsp,0.041604462821438565,injection
ubil,0.041604462821438565,injection
"ieb, ",0.041604462821438565,injection
lices,0.041604462821438565,injection
"ler,",0.041604462821438565,injection
itsp,0.041604462821438565,injection
ilden,0.041604462821438565,injection
nde. ,0.041604462821438565,injection
zubil,0.041604462821438565,injection
"ieb,",0.041604462821438565,injection
szubi,0.041604462821438565,injection
ilde,0.041604462821438565,injection
zubi,0.041604462821438565,injection
dend,0.041604462821438565,injection
szub,0.041604462821438565,injection
uszub,0.041604462821438565,injection
tspi,0.041604462821438565,injection
tsp,0.041604462821438565,injection
dende,0.041604462821438565,injection
"eler,",0.041604462821438565,injection
itspi,0.041604462821438565,injection
hns ,0.041604462821438565,injection
lden,0.041604462821438565,injection
nde.,0.041604462821438565,injection
ende.,0.041604462821438565,injection
hen.,-0.041592261980753414,benign
man: ,0.04159127995828139,injection
man:,0.04159127995828139,injection
rsion,0.041590878564098065,injection
rsio,0.041590878564098065,injection
ersio,0.041590878564098065,injection
nsm,-0.04153762850102027,benign
lich ,0.04150603971597012,injection
ing. ,0.04143881207231381,injection
ing.,0.04143881207231381,injection
üche,-0.04142676212544532,benign
üche ,-0.04142676212544532,benign
einst,-0.0413978552617841,benign
ead ,0.04139390884870203,injection
mut ,-0.04136447795096478,benign
mut,-0.04136447795096478,benign
 whe,-0.04136147118155275,benign
e's ,0.04134717275343882,injection
e's,0.04134717275343882,injection
dia,-0.0413410185792402,benign
ent.,0.04133430650659734,injection
tay ,0.04133430650659734,injection
stay ,0.04133430650659734,injection
ent. ,0.04133430650659734,injection
ls?,-0.041259900461336325,benign
ldin,-0.04118903656388151,benign
uildi,-0.04118903656388151,benign
ildin,-0.04118903656388151,benign
ildi,-0.04118903656388151,benign
ldi,-0.04118903656388151,benign
lding,-0.04118903656388151,benign
alter,0.041157924690658924,injection
cuss,0.04113963533724814,injection
scu,0.04113963533724814,injection
scus,0.04113963533724814,injection
iscus,0.04113963533724814,injection
iscu,0.04113963533724814,injection
discu,0.04113963533724814,injection
scuss,0.04113963533724814,injection
liche,-0.041137872186865244,benign
 ga,0.041127128158410325,injection
eise ,-0.04111838126797907,benign
hlen ,0.041113115335171174,injection
rie ,-0.04106790464949171,benign
tau,-0.04106710818876107,benign
ond. ,0.04106424710011777,injection
ond.,0.04106424710011777,injection
overt,-0.04103740216744988,benign
kes,-0.0410226257316819,benign
gew,-0.04099595384128635,benign
 gew,-0.04099595384128635,benign
pers,0.04097672510091107,injection
thod,-0.04094320141333333,benign
metho,-0.04094320141333333,benign
ethod,-0.04094320141333333,benign
hod,-0.04094320141333333,benign
etho,-0.04094320141333333,benign
 coul,0.04094193327633601,injection
could,0.04094193327633601,injection
coul,0.04094193327633601,injection
oll ,0.040909317050790144,injection
appr,0.040896740975050305,injection
appre,0.040896740975050305,injection
ppre,0.040896740975050305,injection
ppr,0.040896740975050305,injection
sa ,-0.040895508527494025,benign
usa ,-0.040895508527494025,benign
aw ,0.04088800090222127,injection
nom,-0.04086768210607591,benign
rieb,-0.04085315326191658,benign
ieben,-0.04085315326191658,benign
riebe,-0.04085315326191658,benign
repl,0.04078556994101024,injection
eso ,0.04075744645792373,injection
ieso,0.04075744645792373,injection
wies,0.04075744645792373,injection
ieso ,0.04075744645792373,injection
wieso,0.04075744645792373,injection
 wies,0.04075744645792373,injection
unf,-0.04073197467330828,benign
amin,0.04065698900713584,injection
aming,0.04065698900713584,injection
uppe,0.0406448464174029,injection
rha,0.04061659779297172,injection
erha,0.04061659779297172,injection
mall,-0.040611137778742076,benign
rsi,-0.040601409863512586,benign
spea,0.04056542949675852,injection
 spea,0.04056542949675852,injection
peak,0.04056542949675852,injection
speak,0.04056542949675852,injection
ost,0.04056265677145635,injection
 prev,0.040504274254263714,injection
prev,0.040504274254263714,injection
chenk,-0.04049474124436225,benign
henk,-0.04049474124436225,benign
enk,-0.04049474124436225,benign
epe,0.04047345147633831,injection
nian ,0.040450177841501844,injection
 unj,0.040450177841501844,injection
rock,0.040450177841501844,injection
ocket,0.040450177841501844,injection
ocke,0.040450177841501844,injection
rocke,0.040450177841501844,injection
njus,0.040450177841501844,injection
njust,0.040450177841501844,injection
 unju,0.040450177841501844,injection
nju,0.040450177841501844,injection
uelle,-0.04041900642099678,benign
lon,0.04038826923684489,injection
eht,-0.04033773160815049,benign
fäh,0.040315159573245024,injection
fähr,0.040315159573245024,injection
roug,-0.040236763247189535,benign
hroug,-0.040236763247189535,benign
hrou,-0.040236763247189535,benign
rough,-0.040236763247189535,benign
throu,-0.040236763247189535,benign
thro,-0.040236763247189535,benign
 thro,-0.040236763247189535,benign
hro,-0.040236763247189535,benign
cally,0.04021701833203484,injection
ize,0.04021701833203484,injection
tific,0.04021701833203484,injection
icall,0.04021701833203484,injection
tifi,0.04021701833203484,injection
rene,-0.04017482886881018,benign
hat,0.04015700986423554,injection
ens ,-0.04015105025334757,benign
ish,-0.04014127520696695,benign
hutz ,-0.04013555843010305,benign
utz ,-0.04013555843010305,benign
hande,-0.04008366456691684,benign
infac,0.040072901185311684,injection
fach,0.040072901185311684,injection
nfach,0.040072901185311684,injection
einfa,0.040072901185311684,injection
nfac,0.040072901185311684,injection
infa,0.040072901185311684,injection
einf,0.040072901185311684,injection
 fu,0.040060933983880075,injection
first,0.040057877917818216,injection
firs,0.040057877917818216,injection
irst,0.040057877917818216,injection
 firs,0.040057877917818216,injection
irs,0.040057877917818216,injection
irst ,0.040057877917818216,injection
ll.,0.04002803357400917,injection
ll. ,0.04002803357400917,injection
mmer,0.04002803357400917,injection
 repl,0.040025478882834295,injection
abe ,-0.040005540740184205,benign
ufs,0.04000422069215737,injection
anies,-0.0399923863304249,benign
mpani,-0.0399923863304249,benign
nies,-0.0399923863304249,benign
nies ,-0.0399923863304249,benign
steig,-0.03994300984112855,benign
teig,-0.03994300984112855,benign
hou,0.03991797917465873,injection
ntern,-0.03991774105540677,benign
tern,-0.03986778608073573,benign
ise ,-0.039862538773831994,benign
 it? ,-0.039810136611576265,benign
bra,-0.03976472947283912,benign
 bra,-0.03976472947283912,benign
ger ,-0.03973105140937193,benign
art,0.03972518478935451,injection
eite,-0.03972268190166566,benign
"ai,",0.039712837654457045,injection
 ut,0.039712837654457045,injection
"ai, ",0.039712837654457045,injection
rsarm,0.03970269418644292,injection
sarm,0.03970269418644292,injection
sarmu,0.03970269418644292,injection
ersar,0.03970269418644292,injection
tersa,0.03970269418644292,injection
rmut,0.03970269418644292,injection
rmut ,0.03970269418644292,injection
armu,0.03970269418644292,injection
rsar,0.03970269418644292,injection
armut,0.03970269418644292,injection
sch,-0.039654298057948116,benign
merke,-0.03959148473334057,benign
 merk,-0.03959148473334057,benign
ala,-0.039565009484749426,benign
nam,0.03956336653988802,injection
rman ,0.039540049527524684,injection
nhan,0.03946808224360157,injection
enhan,0.03946808224360157,injection
pany,-0.039448637435619896,benign
ight ,-0.03944436711065958,benign
ght ,-0.03944436711065958,benign
gute ,-0.039440259327462326,benign
"t"" ",0.03943393287367614,injection
pos,0.03942253008925208,injection
 el ,0.03941126589315373,injection
bly,0.039405959674819274,injection
 wirt,-0.03936745604646107,benign
eso,-0.039350116714677495,benign
agt ,0.03925825530891006,injection
sed,0.039212477814203506,injection
sed ,0.039212477814203506,injection
intin,0.03920431554858871,injection
inti,0.03920431554858871,injection
aint,0.03920431554858871,injection
ting.,0.03920431554858871,injection
 entr,0.03920431554858871,injection
eed?,0.03920431554858871,injection
entry,0.03920431554858871,injection
need?,0.03920431554858871,injection
ainti,0.03920431554858871,injection
paint,0.03920431554858871,injection
ntin,0.03920431554858871,injection
nting,0.03920431554858871,injection
ntry ,0.03920431554858871,injection
 -l,0.03920431554858871,injection
 -le,0.03920431554858871,injection
 -lev,0.03920431554858871,injection
roduc,-0.03920270564590126,benign
oduc,-0.03920270564590126,benign
aren,-0.03918465477579036,benign
 nex,-0.039171380331716445,benign
next,-0.039171380331716445,benign
nex,-0.039171380331716445,benign
next ,-0.039171380331716445,benign
 next,-0.039171380331716445,benign
onst,0.03915244606054374,injection
igi,-0.0391499527186113,benign
gie,0.03906481057696578,injection
ell,0.039059956422682264,injection
üle,0.039055553520295924,injection
üler,0.039055553520295924,injection
 mon,-0.03904862150520004,benign
esu,-0.03904144600745568,benign
go ,0.03895874725662405,injection
owed,0.03895855834255971,injection
wed,0.03895855834255971,injection
llowe,0.03895855834255971,injection
lowed,0.03895855834255971,injection
lowe,0.03895855834255971,injection
pend,-0.03894618856397094,benign
 bre,-0.03892456927468115,benign
 a0-,0.038921439018779404,injection
 a0,0.038921439018779404,injection
legan,0.038921439018779404,injection
guze,0.038921439018779404,injection
guz,0.038921439018779404,injection
itera,0.038921439018779404,injection
iyom,0.038921439018779404,injection
iyom ,0.038921439018779404,injection
anbul,0.038921439018779404,injection
guzel,0.038921439018779404,injection
uzel,0.038921439018779404,injection
eviy,0.038921439018779404,injection
eviyo,0.038921439018779404,injection
lma,0.038921439018779404,injection
"zel""",0.038921439018779404,injection
nbulu,0.038921439018779404,injection
viyo,0.038921439018779404,injection
viyom,0.038921439018779404,injection
 sevi,0.038921439018779404,injection
viy,0.038921439018779404,injection
ada ,0.038921439018779404,injection
lu ,0.038921439018779404,injection
lite,0.038921439018779404,injection
stanb,0.038921439018779404,injection
"el""",0.038921439018779404,injection
erar,0.038921439018779404,injection
anb,0.038921439018779404,injection
 lite,0.038921439018779404,injection
elega,0.038921439018779404,injection
ista,0.038921439018779404,injection
 bura,0.038921439018779404,injection
ulu ,0.038921439018779404,injection
eleg,0.038921439018779404,injection
"uzel""",0.038921439018779404,injection
ulu,0.038921439018779404,injection
tanbu,0.038921439018779404,injection
istan,0.038921439018779404,injection
iyo,0.038921439018779404,injection
bul,0.038921439018779404,injection
tanb,0.038921439018779404,injection
tera,0.038921439018779404,injection
terar,0.038921439018779404,injection
olma,0.038921439018779404,injection
" ""ist",0.038921439018779404,injection
olmak,0.038921439018779404,injection
seviy,0.038921439018779404,injection
olm,0.038921439018779404,injection
"""ist",0.038921439018779404,injection
" ""is",0.038921439018779404,injection
 olma,0.038921439018779404,injection
 olm,0.038921439018779404,injection
sevi,0.038921439018779404,injection
burad,0.038921439018779404,injection
bura,0.038921439018779404,injection
 guz,0.038921439018779404,injection
 guze,0.038921439018779404,injection
tor ,0.038921439018779404,injection
urada,0.038921439018779404,injection
urad,0.038921439018779404,injection
yom,0.038921439018779404,injection
 eleg,0.038921439018779404,injection
bulu,0.038921439018779404,injection
bulu ,0.038921439018779404,injection
lmak,0.038921439018779404,injection
yom ,0.038921439018779404,injection
nbu,0.038921439018779404,injection
nbul,0.038921439018779404,injection
liter,0.038921439018779404,injection
lmak ,0.038921439018779404,injection
egant,0.038921439018779404,injection
uze,0.038921439018779404,injection
anbu,0.038921439018779404,injection
gant,0.038921439018779404,injection
"""is",0.038921439018779404,injection
mak ,0.038921439018779404,injection
rada ,0.038921439018779404,injection
rada,0.038921439018779404,injection
a0-,0.038921439018779404,injection
"""ista",0.038921439018779404,injection
reite,-0.03891711872349,benign
 bere,0.03889483124660047,injection
doing,-0.0388787923807095,benign
 doi,-0.0388787923807095,benign
 doin,-0.0388787923807095,benign
doin,-0.0388787923807095,benign
doi,-0.0388787923807095,benign
ized,0.03885514885571422,injection
zed,0.03885514885571422,injection
tert?,0.038850047546337335,injection
tert,0.038850047546337335,injection
cheit,0.038850047546337335,injection
itert,0.038850047546337335,injection
heite,0.038850047546337335,injection
res ,0.03882971041836841,injection
ins ,0.038815402967513644,injection
nscha,-0.03880934254663283,benign
 att,-0.03880024493090248,benign
tly ,-0.03878665876943623,benign
tly,-0.03878665876943623,benign
ed? ,-0.038767052920485864,benign
mann,0.03875453923137684,injection
 mann,0.03875453923137684,injection
 any ,0.03875286736520996,injection
istr,-0.038749423730478086,benign
ntast,0.0387325760437007,injection
 wow,0.0387325760437007,injection
anta,0.0387325760437007,injection
" wow,",0.0387325760437007,injection
ntas,0.0387325760437007,injection
antas,0.0387325760437007,injection
wei ,0.03872881695314065,injection
zwei ,0.03872881695314065,injection
fe ,0.03864159764477633,injection
 cha,-0.03861159087105559,benign
haft ,-0.03860597828398341,benign
aft ,-0.03860597828398341,benign
iet,-0.03857474426381665,benign
ndin,-0.03856143591557238,benign
kind ,-0.0385605412823067,benign
ream,0.038537188762426754,injection
rient,-0.03853673931070677,benign
orien,-0.03853673931070677,benign
"o, ",0.03848890418559585,injection
reci,-0.038444857734718826,benign
lity ,-0.03840992612712988,benign
ility,-0.03840992612712988,benign
ich?,-0.03839551603900821,benign
tart,0.03838991044433838,injection
star,0.03838991044433838,injection
start,0.03838991044433838,injection
 star,0.03838991044433838,injection
teste,0.03838867113560824,injection
ki ,0.03837342032288145,injection
app,0.03837169297596776,injection
feren,-0.03836672347887632,benign
ffere,-0.03836672347887632,benign
whe,-0.038362397961776255,benign
ifica,0.03833583622889622,injection
ntif,0.03833583622889622,injection
dicin,0.03833583622889622,injection
dici,0.03833583622889622,injection
niz,0.03833583622889622,injection
fical,0.03833583622889622,injection
fica,0.03833583622889622,injection
ized.,0.03833583622889622,injection
ntifi,0.03833583622889622,injection
cine,0.03833583622889622,injection
cine ,0.03833583622889622,injection
cogn,0.03833583622889622,injection
zed.,0.03833583622889622,injection
cient,0.03833583622889622,injection
cogni,0.03833583622889622,injection
recog,0.03833583622889622,injection
ogn,0.03833583622889622,injection
ogni,0.03833583622889622,injection
ogniz,0.03833583622889622,injection
ecog,0.03833583622889622,injection
cog,0.03833583622889622,injection
nized,0.03833583622889622,injection
ecogn,0.03833583622889622,injection
nize,0.03833583622889622,injection
medic,0.03833583622889622,injection
icine,0.03833583622889622,injection
icin,0.03833583622889622,injection
edici,0.03833583622889622,injection
entif,0.03833583622889622,injection
gnize,0.03833583622889622,injection
gniz,0.03833583622889622,injection
gees ,0.03831839988299899,injection
ees ,0.03831839988299899,injection
arum ,0.03822958176661627,injection
chang,-0.038193479519213,benign
hange,-0.038193479519213,benign
odel ,0.0381599622860416,injection
erh,0.03814590250407716,injection
 erfa,-0.03814525952601879,benign
erfah,-0.03814525952601879,benign
rfah,-0.03814525952601879,benign
rfahr,-0.03814525952601879,benign
men?,-0.03813451729456977,benign
 won ,0.03813350621759052,injection
won ,0.03813350621759052,injection
reich,-0.038082920336257556,benign
reic,-0.038082920336257556,benign
ves ,0.03807174479100462,injection
ves,0.03807174479100462,injection
hl ,0.038060275120506186,injection
ands ,0.038052578005177744,injection
mands,0.038052578005177744,injection
bli,0.03803471235723439,injection
 wan,-0.037999746165273976,benign
alk,0.03797315360826184,injection
 talk,0.03797315360826184,injection
 tal,0.03797315360826184,injection
talk,0.03797315360826184,injection
 noch,-0.03796337910361313,benign
 noc,-0.03796337910361313,benign
noch,-0.03796337910361313,benign
noc,-0.03796337910361313,benign
mei,-0.03796252545242109,benign
rends,-0.037960372216746176,benign
ent,0.037878363108912634,injection
nisch,0.03786101622852393,injection
nisc,0.03786101622852393,injection
anisc,0.03786101622852393,injection
 typ,0.037761321876382606,injection
 ty,0.037761321876382606,injection
type ,0.037761321876382606,injection
 type,0.037761321876382606,injection
ype,0.037761321876382606,injection
ype ,0.037761321876382606,injection
insid,0.037761321876382606,injection
typ,0.037761321876382606,injection
side ,0.037761321876382606,injection
type,0.037761321876382606,injection
meone,-0.03771626498877367,benign
eone,-0.03771626498877367,benign
eon,-0.03771626498877367,benign
someo,-0.03771626498877367,benign
meon,-0.03771626498877367,benign
meo,-0.03771626498877367,benign
omeon,-0.03771626498877367,benign
omeo,-0.03771626498877367,benign
 la,0.037714941225701036,injection
 1+,0.03770232640238559,injection
 1+1,0.03770232640238559,injection
1+1,0.03770232640238559,injection
uthe,0.037696749316394405,injection
 sys,0.03767936971733737,injection
 sy,0.03767936971733737,injection
 syst,0.03767936971733737,injection
tti,0.037666559342615175,injection
nan,-0.03766056654244901,benign
 mü,-0.037634902221536266,benign
ors ,0.037618336494689035,injection
tors ,0.037618336494689035,injection
erei,-0.03760360105958608,benign
esig,-0.03757624853848638,benign
esign,-0.03757624853848638,benign
desig,-0.03757624853848638,benign
ives,0.03752173660126493,injection
ives ,0.03752173660126493,injection
otiv,-0.03752104243316545,benign
45 ,-0.03752104243316545,benign
otiva,-0.03752104243316545,benign
eam,0.03751419459504066,injection
mache,-0.037495076766985685,benign
mme,0.037494502356328736,injection
dea,-0.037386642623891055,benign
ask? ,-0.0373449961564216,benign
läu,0.03732301778178994,injection
amme,0.037312748232389704,injection
 ki,0.03727086614730193,injection
ells,-0.03726496176388555,benign
ence ,0.03725737124843029,injection
ereic,-0.037233626440119,benign
riali,-0.03715916685164191,benign
alien,-0.03715916685164191,benign
chol,-0.03715160023716,benign
schol,-0.03715160023716,benign
ming ,0.03710748097479089,injection
als ,0.03707839866181661,injection
 dir,0.03701828237971172,injection
dir,0.03701828237971172,injection
zept ,-0.036997252024876505,benign
abend,-0.036997252024876505,benign
bende,-0.036997252024876505,benign
ndess,-0.036997252024876505,benign
ept ,-0.036997252024876505,benign
bend,-0.036997252024876505,benign
 aben,-0.036997252024876505,benign
gutes,-0.036997252024876505,benign
at!,0.03695939748228837,injection
at! ,0.03695939748228837,injection
reat!,0.03695939748228837,injection
nal,-0.036952697244154196,benign
fere,-0.036951492841841016,benign
"m, ",0.03694116843976105,injection
ably,0.03691968756867196,injection
 sig,0.03690733300454879,injection
wir,-0.03689325231854011,benign
pel,0.03685657971114169,injection
pell,0.03685657971114169,injection
 spel,0.03685657971114169,injection
erau,-0.03679895271576852,benign
 fang,0.03677557552076173,injection
edigl,0.03677557552076173,injection
samk,0.03677557552076173,injection
ema:,0.03677557552076173,injection
ema: ,0.03677557552076173,injection
" ""wa",0.03677557552076173,injection
" ""war",0.03677557552076173,injection
tzes ,0.03677557552076173,injection
tzes,0.03677557552076173,injection
chnet,0.03677557552076173,injection
 hin,0.03677557552076173,injection
usgez,0.03677557552076173,injection
usge,0.03677557552076173,injection
hinte,0.03677557552076173,injection
hint,0.03677557552076173,injection
fme,0.03677557552076173,injection
geze,0.03677557552076173,injection
gezei,0.03677557552076173,injection
fmerk,0.03677557552076173,injection
fmer,0.03677557552076173,injection
sgeze,0.03677557552076173,injection
sgez,0.03677557552076173,injection
digli,0.03677557552076173,injection
rdert,0.03677557552076173,injection
 hint,0.03677557552076173,injection
gez,0.03677557552076173,injection
eses,0.03677557552076173,injection
höch,0.03677557552076173,injection
höchs,0.03677557552076173,injection
htigk,0.03677557552076173,injection
mbh ,0.03677557552076173,injection
erks,0.03677557552076173,injection
brd ,0.03677557552076173,injection
brd,0.03677557552076173,injection
ichne,0.03677557552076173,injection
ma: ,0.03677557552076173,injection
ichn,0.03677557552076173,injection
ma:,0.03677557552076173,injection
bh ,0.03677557552076173,injection
eses ,0.03677557552076173,injection
merks,0.03677557552076173,injection
"abe, ",0.03677557552076173,injection
"abe,",0.03677557552076173,injection
innen,0.03677557552076173,injection
atze,0.03677557552076173,injection
"gabe,",0.03677557552076173,injection
öchs,0.03677557552076173,injection
gmbh ,0.03677557552076173,injection
vorn,0.03677557552076173,injection
digl,0.03677557552076173,injection
assun,0.03677557552076173,injection
vorne,0.03677557552076173,injection
ginne,0.03677557552076173,injection
rksam,0.03677557552076173,injection
 aufm,0.03677557552076173,injection
"""waru",0.03677557552076173,injection
 äuße,0.03677557552076173,injection
"""wa",0.03677557552076173,injection
"""war",0.03677557552076173,injection
a: ,0.03677557552076173,injection
rks,0.03677557552076173,injection
"st""",0.03677557552076173,injection
ssung,0.03677557552076173,injection
rksa,0.03677557552076173,injection
mke,0.03677557552076173,injection
mkei,0.03677557552076173,injection
mkeit,0.03677557552076173,injection
samke,0.03677557552076173,injection
hnet,0.03677557552076173,injection
hnete,0.03677557552076173,injection
zeich,0.03677557552076173,injection
ufm,0.03677557552076173,injection
"be,",0.03677557552076173,injection
ufmer,0.03677557552076173,injection
ufme,0.03677557552076173,injection
iglic,0.03677557552076173,injection
aufme,0.03677557552076173,injection
igl,0.03677557552076173,injection
igli,0.03677557552076173,injection
ausge,0.03677557552076173,injection
ußer,0.03677557552076173,injection
ußers,0.03677557552076173,injection
fange,0.03677557552076173,injection
" ist""",0.03677557552076173,injection
aufm,0.03677557552076173,injection
eichn,0.03677557552076173,injection
atzes,0.03677557552076173,injection
satze,0.03677557552076173,injection
uße,0.03677557552076173,injection
amk,0.03677557552076173,injection
"be, ",0.03677557552076173,injection
amkei,0.03677557552076173,injection
 äu,0.03677557552076173,injection
 äuß,0.03677557552076173,injection
 höch,0.03677557552076173,injection
fang,0.03677557552076173,injection
amke,0.03677557552076173,injection
zeic,0.03677557552076173,injection
ieses,0.03677557552076173,injection
erksa,0.03677557552076173,injection
 vorn,0.03677557552076173,injection
ksam,0.03677557552076173,injection
hema:,0.03677557552076173,injection
sung ,0.03677557552076173,injection
 brd,0.03677557552076173,injection
an. ,0.03677557552076173,injection
an.,0.03677557552076173,injection
ssu,0.03677557552076173,injection
 brd ,0.03677557552076173,injection
zes ,0.03677557552076173,injection
zes,0.03677557552076173,injection
ksamk,0.03677557552076173,injection
ssun,0.03677557552076173,injection
ksa,0.03677557552076173,injection
fassu,0.03677557552076173,injection
ezei,0.03677557552076173,injection
ezeic,0.03677557552076173,injection
 led,0.03677557552076173,injection
 ledi,0.03677557552076173,injection
 an. ,0.03677557552076173,injection
ßer,0.03677557552076173,injection
ßers,0.03677557552076173,injection
ßerst,0.03677557552076173,injection
orne ,0.03677557552076173,injection
orn,0.03677557552076173,injection
orne,0.03677557552076173,injection
"ist"" ",0.03677557552076173,injection
"ist""",0.03677557552076173,injection
assu,0.03677557552076173,injection
öchst,0.03677557552076173,injection
äußer,0.03677557552076173,injection
äuß,0.03677557552076173,injection
äuße,0.03677557552076173,injection
 an.,0.03677557552076173,injection
"st"" ",0.03677557552076173,injection
erde ,0.03676735156675608,injection
isse,0.036622802574100666,injection
"an, ",0.03661162786913924,injection
"an,",0.03661162786913924,injection
 ku,0.03660659002617674,injection
ute ,-0.036557847529448954,benign
 dif,-0.03655030574823495,benign
diffe,-0.03655030574823495,benign
diff,-0.03655030574823495,benign
iffer,-0.03655030574823495,benign
 diff,-0.03655030574823495,benign
dif,-0.03655030574823495,benign
 geh,-0.036550243488609135,benign
"ad,",-0.03654413171738868,benign
"ad, ",-0.03654413171738868,benign
lang,0.03645139766928255,injection
ingen,0.03642284308074443,injection
xtrem,-0.03642095557927461,benign
xtre,-0.03642095557927461,benign
trem,-0.03642095557927461,benign
extre,-0.03642095557927461,benign
afte,0.03641518563204044,injection
ded. ,-0.036346433446567135,benign
ded.,-0.036346433446567135,benign
ated ,0.03632838372161951,injection
zie,0.0362099103010885,injection
ked ,-0.036198920167076834,benign
zu ,0.03619363368510263,injection
desi,-0.03616101790145107,benign
 desi,-0.03616101790145107,benign
 den,0.03615486365460119,injection
über ,0.03613069243559945,injection
 in,0.03613068612708492,injection
entl,-0.036106866793323034,benign
ntl,-0.036106866793323034,benign
woc,-0.03606197804065102,benign
woch,-0.03606197804065102,benign
woche,-0.03606197804065102,benign
ita,0.03597845069277043,injection
ford,0.03593116831343477,injection
forde,0.03593116831343477,injection
dien,0.03592319543239579,injection
 lea,0.03588659360707276,injection
keit,-0.03587727530264654,benign
uf ,0.03584849865199647,injection
auf ,0.03584849865199647,injection
eche,0.03578356418964718,injection
prech,0.03578356418964718,injection
spre,0.03578356418964718,injection
sprec,0.03578356418964718,injection
reche,0.03578356418964718,injection
mina,0.035721578785908814,injection
ena,0.03571790418655085,injection
 um ,-0.035660005698340276,benign
posi,0.035644506447604744,injection
 offe,-0.03562095901942134,benign
inabl,-0.035589635099672445,benign
pra,0.03556744621473522,injection
 eu ,-0.035537590815642284,benign
ähl,0.035525964521515,injection
wäh,0.035525964521515,injection
wähl,0.035525964521515,injection
 sü,-0.03552595283920432,benign
 süd,-0.03552595283920432,benign
asks.,0.035512057593817856,injection
suffe,-0.03544659386371827,benign
suf,-0.03544659386371827,benign
suff,-0.03544659386371827,benign
uffer,-0.03544659386371827,benign
uff,-0.03544659386371827,benign
 suf,-0.03544659386371827,benign
 suff,-0.03544659386371827,benign
uffe,-0.03544659386371827,benign
 lang,0.03541673956134127,injection
vers,-0.03537536625859777,benign
riffe,-0.03536985639141014,benign
riff,-0.03536985639141014,benign
mon,-0.03532548775836434,benign
xplan,0.035240669739513925,injection
lana,0.035240669739513925,injection
lanat,0.035240669739513925,injection
anati,0.035240669739513925,injection
anat,0.035240669739513925,injection
plana,0.035240669739513925,injection
 its,0.035233157005320676,injection
fan,0.03517778284261244,injection
tive ,-0.035124000874803996,benign
sla,-0.03510644189664578,benign
nvo,-0.035083184431377194,benign
nvol,-0.035083184431377194,benign
ember,-0.035051951309711026,benign
memb,-0.035051951309711026,benign
mem,-0.035051951309711026,benign
emb,-0.035051951309711026,benign
membe,-0.035051951309711026,benign
embe,-0.035051951309711026,benign
ther,0.03503875738919013,injection
trol,-0.03499715299858627,benign
lab,0.03499239834505157,injection
erw,0.034977744059624845,injection
 work,-0.03495579033054501,benign
work,-0.03495579033054501,benign
 wird,-0.03495406992387318,benign
ird,-0.03495406992387318,benign
wird,-0.03495406992387318,benign
 its ,0.03486090265559031,injection
labo,0.034823850725491615,injection
labor,0.034823850725491615,injection
gel ,0.03481878450559528,injection
efse,-0.034798375101443874,benign
fse,-0.034798375101443874,benign
fsef,-0.034798375101443874,benign
sefse,-0.034798375101443874,benign
efsef,-0.034798375101443874,benign
sefs,-0.034798375101443874,benign
aftli,-0.03473946305816561,benign
 zi,-0.034718477959217245,benign
ro ,-0.03468831597534203,benign
ihre ,0.034685700185305875,injection
ello!,0.03467917073262655,injection
"lo!!""",0.03467917073262655,injection
"""hel",0.03467917073262655,injection
llo!!,0.03467917073262655,injection
llo!,0.03467917073262655,injection
"""hell",0.03467917073262655,injection
"""he",0.03467917073262655,injection
lo!,0.03467917073262655,injection
lo!!,0.03467917073262655,injection
" ""hel",0.03467917073262655,injection
"o!!""",0.03467917073262655,injection
o!!,0.03467917073262655,injection
"o!!"" ",0.03467917073262655,injection
" ""he",0.03467917073262655,injection
wiss ,0.03467917073262655,injection
ar. ,0.03466889964667307,injection
ar.,0.03466889964667307,injection
pielt,0.03465750222943539,injection
hle,0.03462633358120866,injection
sur,-0.03462391959834432,benign
y. ,0.03453033987313136,injection
zen ,0.03451803562687848,injection
ner?,-0.03451696903761539,benign
 dinn,-0.03451696903761539,benign
ner? ,-0.03451696903761539,benign
ipe ,-0.03451696903761539,benign
dinne,-0.03451696903761539,benign
cipe ,-0.03451696903761539,benign
nner?,-0.03451696903761539,benign
dinn,-0.03451696903761539,benign
quer ,-0.03445070749449877,benign
quer,-0.03445070749449877,benign
onque,-0.03445070749449877,benign
onq,-0.03445070749449877,benign
onqu,-0.03445070749449877,benign
nquer,-0.03445070749449877,benign
conqu,-0.03445070749449877,benign
nians,-0.03445070749449877,benign
 conq,-0.03445070749449877,benign
conq,-0.03445070749449877,benign
nque,-0.03445070749449877,benign
amil,-0.03444938960430209,benign
 sad,0.03444582470445382,injection
sad,0.03444582470445382,injection
akt,-0.034431297477068946,benign
dli,0.03442737020306909,injection
rca,-0.03439889894913872,benign
 us?,-0.034347329269141,benign
 us? ,-0.034347329269141,benign
ratio,-0.03430523613144071,benign
teg,-0.034303922563985734,benign
rentl,-0.03429908905721729,benign
ssi,-0.034297565910223045,benign
ogato,-0.034280277998248405,benign
ogat,-0.034280277998248405,benign
roga,-0.034280277998248405,benign
oga,-0.034280277998248405,benign
rogat,-0.034280277998248405,benign
eig,-0.03427072436777874,benign
ura,-0.03421328742502675,benign
oau,-0.03418817919420974,benign
roaut,-0.03418817919420974,benign
oauto,-0.03418817919420974,benign
oaut,-0.03418817919420974,benign
roau,-0.03418817919420974,benign
ket ,-0.03417277718039904,benign
rket ,-0.03417277718039904,benign
 pl,-0.034124490027271866,benign
ltige,-0.034101430028647496,benign
angeb,-0.034088253992041025,benign
htl,0.03404279303074034,injection
chtli,0.03404279303074034,injection
htli,0.03404279303074034,injection
chtl,0.03404279303074034,injection
tlin,0.03404279303074034,injection
htlin,0.03404279303074034,injection
 vorz,0.034006735229109894,injection
orz,0.034006735229109894,injection
ht?,-0.03392927030047602,benign
cht?,-0.03392927030047602,benign
ce.,0.03390103117017177,injection
ce. ,0.03390103117017177,injection
othin,0.03387880026319332,injection
 noth,0.03387880026319332,injection
othi,0.03387880026319332,injection
nothi,0.03387880026319332,injection
 cook,-0.03379749048262648,benign
cook ,-0.03379749048262648,benign
 coo,-0.03379749048262648,benign
cook,-0.03379749048262648,benign
mot,-0.03373994467937069,benign
oment,-0.03373994467937069,benign
mom,-0.03373994467937069,benign
mome,-0.03373994467937069,benign
momen,-0.03373994467937069,benign
 mom,-0.03373994467937069,benign
 mome,-0.03373994467937069,benign
moti,-0.03373994467937069,benign
end?,-0.033736249990879694,benign
hmen,-0.03371880130987519,benign
ity ,-0.033710745344306875,benign
gent,-0.03370900442100467,benign
hout ,0.03370891041273155,injection
hout,0.03370891041273155,injection
ethi,0.033654862015362795,injection
han,-0.03364349929233551,benign
ta ,-0.033623761483641816,benign
ered ,-0.03360249578002634,benign
eid,0.033594471335415724,injection
eide,0.033594471335415724,injection
nde,-0.033590138121856024,benign
gef,-0.033539490389448395,benign
bilit,-0.033529881430203565,benign
abil,-0.033529881430203565,benign
bili,-0.033529881430203565,benign
abi,-0.033529881430203565,benign
abili,-0.033529881430203565,benign
ilit,-0.033529881430203565,benign
"ben, ",0.03350514290047003,injection
"ben,",0.03350514290047003,injection
cters,0.03348883576145947,injection
rect,0.033453238310871915,injection
 give,-0.033430310904083466,benign
give,-0.033430310904083466,benign
lage ,-0.03342066919929003,benign
lage,-0.03342066919929003,benign
lag,-0.03342066919929003,benign
egrat,-0.033389803101092574,benign
grati,-0.033389803101092574,benign
integ,-0.033389803101092574,benign
nteg,-0.033389803101092574,benign
ntegr,-0.033389803101092574,benign
egra,-0.033389803101092574,benign
tegra,-0.033389803101092574,benign
tegr,-0.033389803101092574,benign
rses ,-0.03337575025452546,benign
urses,-0.03337575025452546,benign
rses,-0.03337575025452546,benign
rache,0.03335178276598164,injection
ache ,0.03335178276598164,injection
 une,-0.03335152747872592,benign
hrer,-0.03328112909705049,benign
ohle,0.033260867534163095,injection
ohl,0.033260867534163095,injection
ries.,-0.0332422782816331,benign
 wir,-0.03323516061137389,benign
ande,-0.03323408102222213,benign
arsh,0.03322803676763729,injection
niti,0.03322803676763729,injection
rsh,0.03322803676763729,injection
ami,0.03320881031842747,injection
 els,0.03316450291747604,injection
else,0.03316450291747604,injection
 else,0.03316450291747604,injection
lse,0.03316450291747604,injection
 dur,-0.033119730181260285,benign
dur,-0.033119730181260285,benign
ides ,0.03311797718208098,injection
lated,0.03311797718208098,injection
ides,0.03311797718208098,injection
ions.,0.033098016171320306,injection
ons.,0.033098016171320306,injection
ons. ,0.033098016171320306,injection
ative,-0.0330653803749808,benign
bout ,0.03302750405510937,injection
ssen?,-0.03295639475949926,benign
utes,-0.03288976408992103,benign
öcke ,0.03288464366446358,injection
rnd,0.03288464366446358,injection
öcke,0.03288464366446358,injection
öck,0.03288464366446358,injection
rnd ,0.03288464366446358,injection
pend ,0.032884598700768396,injection
rant,0.03287436621511973,injection
ngs,-0.03285089722043347,benign
gat,-0.03279625286003918,benign
ored ,-0.03279625286003918,benign
ored,-0.03279625286003918,benign
ics,0.03277267210510744,injection
"ide,",0.03277267210510744,injection
"ide, ",0.03277267210510744,injection
adtte,-0.03275124074986431,benign
adtt,-0.03275124074986431,benign
ssen,-0.032725248473599214,benign
erie,-0.032668504514640664,benign
nach,-0.03263034208576805,benign
orrec,0.03262538145833454,injection
rrect,0.03262538145833454,injection
corr,0.03262538145833454,injection
rrec,0.03262538145833454,injection
corre,0.03262538145833454,injection
lity,-0.032561127145961766,benign
ommt,0.032479669818214964,injection
kommt,0.032479669818214964,injection
mmt,0.032479669818214964,injection
fli,0.03246775575242215,injection
pop,0.032400059395065274,injection
 pop,0.032400059395065274,injection
hts ,0.032387784514790574,injection
rufl,-0.03233760529073621,benign
rufli,-0.03233760529073621,benign
effec,-0.03229983063757971,benign
fect,-0.03229983063757971,benign
ffect,-0.03229983063757971,benign
fec,-0.03229983063757971,benign
ffec,-0.03229983063757971,benign
cho,-0.032255638729416856,benign
aler,0.032247945781041745,injection
oke,-0.03224790799843344,benign
how ,0.03224276194946166,injection
ance!,0.03217858569768898,injection
rmanc,0.03217858569768898,injection
amely,0.03217858569768898,injection
amel,0.03217858569768898,injection
"ask, ",0.03217858569768898,injection
rform,0.03217858569768898,injection
perfo,0.03217858569768898,injection
perf,0.03217858569768898,injection
"ask,",0.03217858569768898,injection
orman,0.03217858569768898,injection
tlich,-0.03210328132526947,benign
tlic,-0.03210328132526947,benign
esse,-0.03204095130262007,benign
rt?,-0.03203445689172168,benign
bez,0.03202627273568914,injection
eben ,0.03202058863806481,injection
ück,-0.03197979340199532,benign
kri,-0.03197839326627571,benign
cin,-0.031966887433742805,benign
 ges,0.031958871366174986,injection
abor ,0.03191581039191878,injection
 labo,0.03191581039191878,injection
 lab,0.03191581039191878,injection
bor ,0.03191581039191878,injection
berfa,-0.031891175411403544,benign
falle,-0.031891175411403544,benign
berf,-0.031891175411403544,benign
rfall,-0.031891175411403544,benign
überf,-0.031891175411403544,benign
rfal,-0.031891175411403544,benign
erfal,-0.031891175411403544,benign
nth,-0.031885182559269545,benign
meis,0.03188399777166594,injection
meist,0.03188399777166594,injection
eiste,0.03188399777166594,injection
 meis,0.03188399777166594,injection
cre,0.03184001652635102,injection
crea,0.03184001652635102,injection
ncen,0.0317842638036378,injection
efs,-0.03178246896057773,benign
 lei,0.03174102756511445,injection
 co,0.0317229546421235,injection
 extr,-0.03172107447556343,benign
 ext,-0.03172107447556343,benign
extr,-0.03172107447556343,benign
xtr,-0.03172107447556343,benign
rof,0.03168246012857417,injection
tse,0.031675884891185585,injection
tsel,0.031675884891185585,injection
worum,0.03167439085742334,injection
eich?,0.03167439085742334,injection
 woru,0.03167439085742334,injection
oru,0.03167439085742334,injection
orum ,0.03167439085742334,injection
orum,0.03167439085742334,injection
woru,0.03167439085742334,injection
rachk,-0.03167107572508638,benign
ntnis,-0.03167107572508638,benign
nntn,-0.03167107572508638,benign
ntni,-0.03167107572508638,benign
achk,-0.03167107572508638,benign
nntni,-0.03167107572508638,benign
ntn,-0.03167107572508638,benign
achku,-0.03167107572508638,benign
 lo,-0.03164829764116752,benign
find ,0.03162363741838651,injection
icie,-0.031605109169780266,benign
 fan,0.03156677881073822,injection
ache,-0.03149739029661784,benign
rtu,0.03148010692576352,injection
uct ,-0.03137807286415902,benign
eci,0.03137494716338875,injection
hte,-0.03136729996679852,benign
swa,0.03134021809868474,injection
lic,-0.0313234888903713,benign
pul,0.031320564763236435,injection
opu,0.031320564763236435,injection
pula,0.031320564763236435,injection
 popu,0.031320564763236435,injection
opul,0.031320564763236435,injection
opula,0.031320564763236435,injection
popul,0.031320564763236435,injection
popu,0.031320564763236435,injection
 get,-0.031292654658199415,benign
altig,-0.031278699860684385,benign
achha,-0.031278699860684385,benign
chhal,-0.031278699860684385,benign
halti,-0.031278699860684385,benign
nachh,-0.031278699860684385,benign
alti,-0.031278699860684385,benign
achh,-0.031278699860684385,benign
hhal,-0.031278699860684385,benign
hhalt,-0.031278699860684385,benign
ameri,-0.031275616166142946,benign
bev,-0.031257811267945405,benign
 bev,-0.031257811267945405,benign
ve?,0.031222595314905465,injection
ve? ,0.031222595314905465,injection
 corr,0.031210150821299232,injection
oncen,0.031188304301829423,injection
ntrat,0.031188304301829423,injection
ntra,0.031188304301829423,injection
once,0.031188304301829423,injection
sert,0.031186740583048402,injection
g: ,0.031164436598440037,injection
nac,-0.031143098228660973,benign
know,0.031128383938593806,injection
kno,0.031128383938593806,injection
ked,-0.031121350525700184,benign
ges,-0.03109246389441116,benign
mas,0.0310762153506104,injection
ecom,-0.031075133606160436,benign
ult,-0.031071581951115066,benign
igk,0.031051813771436062,injection
igke,0.031051813771436062,injection
igkei,0.031051813771436062,injection
gkeit,0.031051813771436062,injection
gke,0.031051813771436062,injection
gkei,0.031051813771436062,injection
nstea,0.031037437257952494,injection
witho,0.031034634946983077,injection
thout,0.031034634946983077,injection
itho,0.031034634946983077,injection
ithou,0.031034634946983077,injection
 pai,0.03100607013631827,injection
nungs,-0.030966049122314442,benign
alid ,0.030956254374466075,injection
vali,0.030956254374466075,injection
sent ,0.030956254374466075,injection
alid,0.030956254374466075,injection
lid ,0.030956254374466075,injection
lid,0.030956254374466075,injection
valid,0.030956254374466075,injection
 val,0.030956254374466075,injection
val,0.030956254374466075,injection
 vali,0.030956254374466075,injection
auen,-0.030945779164171402,benign
auen ,-0.030945779164171402,benign
 land,-0.030915873794250318,benign
"ten,",0.030914122624421777,injection
"ten, ",0.030914122624421777,injection
 mod,0.030769590163485714,injection
mode,0.030769590163485714,injection
mod,0.030769590163485714,injection
 mode,0.030769590163485714,injection
lways,0.030736643228038242,injection
lway,0.030736643228038242,injection
alw,0.030736643228038242,injection
lwa,0.030736643228038242,injection
 alw,0.030736643228038242,injection
alway,0.030736643228038242,injection
 alwa,0.030736643228038242,injection
alwa,0.030736643228038242,injection
ways ,0.030736643228038242,injection
ways,0.030736643228038242,injection
oute,0.030734174813276362,injection
stse,0.03068525259205832,injection
tsell,0.03068525259205832,injection
estse,0.03068525259205832,injection
ests,0.03068525259205832,injection
ller,0.03068525259205832,injection
eller,0.03068525259205832,injection
stsel,0.03068525259205832,injection
selle,0.03068525259205832,injection
bests,0.03068525259205832,injection
ortu,0.03067182328920897,injection
ties.,0.03067182328920897,injection
uniti,0.03067182328920897,injection
holar,0.03067182328920897,injection
olars,0.03067182328920897,injection
hola,0.03067182328920897,injection
ship ,0.03067182328920897,injection
ola,0.03067182328920897,injection
nitie,0.03067182328920897,injection
hip ,0.03067182328920897,injection
unit,0.03067182328920897,injection
tunit,0.03067182328920897,injection
oppor,0.03067182328920897,injection
tuni,0.03067182328920897,injection
chola,0.03067182328920897,injection
rshi,0.03067182328920897,injection
lars,0.03067182328920897,injection
ortun,0.03067182328920897,injection
rtuni,0.03067182328920897,injection
pport,0.03067182328920897,injection
rtun,0.03067182328920897,injection
ppor,0.03067182328920897,injection
portu,0.03067182328920897,injection
rship,0.03067182328920897,injection
olar,0.03067182328920897,injection
larsh,0.03067182328920897,injection
arshi,0.03067182328920897,injection
 how ,-0.03066949939165608,benign
anche,-0.030639536706180432,benign
ranch,-0.030639536706180432,benign
anch,-0.030639536706180432,benign
uge,-0.03057326986021079,benign
rtsta,-0.030567004640174013,benign
rtst,-0.030567004640174013,benign
 when,-0.030526043068524786,benign
when ,-0.030526043068524786,benign
when,-0.030526043068524786,benign
cup,-0.03051748092656817,benign
ed ,-0.03051633351142896,benign
lings,0.03048341332964055,injection
 know,0.030414220814424773,injection
 kn,0.030414220814424773,injection
 kno,0.030414220814424773,injection
ork,-0.030373564602590025,benign
asiv,0.030320045252449863,injection
rsua,0.030320045252449863,injection
rsu,0.030320045252449863,injection
refut,0.030320045252449863,injection
pics ,0.030320045252449863,injection
piece,0.030320045252449863,injection
onclu,0.030320045252449863,injection
asive,0.030320045252449863,injection
nsig,0.030320045252449863,injection
oints,0.030320045252449863,injection
oppos,0.030320045252449863,injection
posin,0.030320045252449863,injection
 view,0.030320045252449863,injection
ppos,0.030320045252449863,injection
piec,0.030320045252449863,injection
rsuas,0.030320045252449863,injection
opics,0.030320045252449863,injection
oncl,0.030320045252449863,injection
pics,0.030320045252449863,injection
persu,0.030320045252449863,injection
prese,0.030320045252449863,injection
resen,0.030320045252449863,injection
pposi,0.030320045252449863,injection
reque,0.030320045252449863,injection
nsigh,0.030320045252449863,injection
raw,0.030320045252449863,injection
raw ,0.030320045252449863,injection
haben,0.030266189606233344,injection
ew ,-0.030246982544185223,benign
 uni,0.030222911082319465,injection
 wor,0.030182648124668122,injection
rschi,-0.030174320393051575,benign
ruppe,0.03014640873993044,injection
rupp,0.03014640873993044,injection
rup,0.03014640873993044,injection
eres ,0.03008814295539703,injection
ned ,-0.030058759693742623,benign
giv,-0.02997668172583412,benign
 giv,-0.02997668172583412,benign
aktiv,-0.02997026265394902,benign
ible ,-0.029910239310188377,benign
ible,-0.029910239310188377,benign
ism,-0.029860804286200943,benign
pha,-0.029786386551699236,benign
 pha,-0.029786386551699236,benign
 ph,-0.029786386551699236,benign
slati,0.029752339515870325,injection
unte,-0.02974863108290494,benign
 per,0.029714314779333045,injection
ometh,0.029710918145809766,injection
somet,0.029710918145809766,injection
ethin,0.029710918145809766,injection
omet,0.029710918145809766,injection
methi,0.029710918145809766,injection
 um,-0.02963657261075027,benign
view,0.029608079705517893,injection
iew,0.029608079705517893,injection
bat,0.02960353107631926,injection
"sen,",-0.029595354989796128,benign
"ssen,",-0.029595354989796128,benign
"sen, ",-0.029595354989796128,benign
mmend,0.02955395984734149,injection
styl,0.029547860703033745,injection
tyle ,0.029547860703033745,injection
style,0.029547860703033745,injection
sty,0.029547860703033745,injection
yle ,0.029547860703033745,injection
tyl,0.029547860703033745,injection
 sty,0.029547860703033745,injection
yle,0.029547860703033745,injection
 styl,0.029547860703033745,injection
tyle,0.029547860703033745,injection
ly. ,-0.02952901914300413,benign
ly.,-0.02952901914300413,benign
pt:,0.02949732016389618,injection
pt: ,0.02949732016389618,injection
lig,0.02949143801509669,injection
ild,-0.029353754150607047,benign
rer,-0.02934204557422522,benign
ane ,-0.029335554972431656,benign
fehle,0.02931093696818733,injection
ehle,0.02931093696818733,injection
line ,0.02929534055049298,injection
eu-,0.02927890826061892,injection
tlini,0.02927890826061892,injection
inie,0.02927890826061892,injection
inien,0.02927890826061892,injection
ichtl,0.02927890826061892,injection
 eu-,0.02927890826061892,injection
eu-r,0.02927890826061892,injection
eu-ri,0.02927890826061892,injection
dukte,0.02927890826061892,injection
ukte ,0.02927890826061892,injection
ukte,0.02927890826061892,injection
-ric,0.02927890826061892,injection
u-ri,0.02927890826061892,injection
u-ric,0.02927890826061892,injection
u-r,0.02927890826061892,injection
-rich,0.02927890826061892,injection
-ri,0.02927890826061892,injection
lini,0.02927890826061892,injection
 eu-r,0.02927890826061892,injection
linie,0.02927890826061892,injection
 has ,-0.029276156116750926,benign
has ,-0.029276156116750926,benign
tea,0.029270388710993463,injection
tlem,0.029232279386039277,injection
sich ,-0.029108247755858328,benign
trate,0.029095875306045748,injection
nstei,-0.02906344874981822,benign
ile,-0.029026652433460528,benign
cy ,-0.029005076963922894,benign
ei?,-0.028977141104621528,benign
 tun,0.02895851995550888,injection
der,-0.028939631266985875,benign
 acti,0.028889803341713757,injection
uell ,-0.028887413893168668,benign
much,-0.02887630514234929,benign
much ,-0.02887630514234929,benign
 much,-0.02887630514234929,benign
 muc,-0.02887630514234929,benign
des,0.028874314894149364,injection
leg,0.028839707743679124,injection
plo,-0.02881612787364449,benign
ufl,-0.028796794553245,benign
mor,-0.02878028154031123,benign
tions,0.028738248396863834,injection
oden,-0.028727928999019298,benign
oden ,-0.028727928999019298,benign
wie,0.0287122231492128,injection
 fa,0.02870576747091547,injection
pulat,0.02870333558782931,injection
 pain,0.028677898842913024,injection
lls,-0.028673192838045782,benign
ebo,-0.02864987123545593,benign
mply,0.02863312555838048,injection
ndun,0.02863013742457322,injection
ndung,0.02863013742457322,injection
erklä,0.0285919090142393,injection
ärung,0.0285919090142393,injection
lärun,0.0285919090142393,injection
lär,0.0285919090142393,injection
läru,0.0285919090142393,injection
erkl,0.0285919090142393,injection
rklä,0.0285919090142393,injection
klä,0.0285919090142393,injection
kläru,0.0285919090142393,injection
klär,0.0285919090142393,injection
rklär,0.0285919090142393,injection
rkl,0.0285919090142393,injection
äru,0.0285919090142393,injection
ärun,0.0285919090142393,injection
isch ,0.028559046737310464,injection
 -ver,0.028550544451608116,injection
rrigi,0.028550544451608116,injection
rrig,0.028550544451608116,injection
aris,0.028550544451608116,injection
arisc,0.028550544451608116,injection
 bede,0.028550544451608116,injection
 beha,0.028550544451608116,injection
" bei,",0.028550544451608116,injection
anter,0.028550544451608116,injection
serun,0.028550544451608116,injection
serte,0.028550544451608116,injection
seru,0.028550544451608116,injection
a0-ni,0.028550544451608116,injection
höner,0.028550544451608116,injection
öher,0.028550544451608116,injection
öhe,0.028550544451608116,injection
nere ,0.028550544451608116,injection
nere,0.028550544451608116,injection
 höhe,0.028550544451608116,injection
 höh,0.028550544451608116,injection
etzer,0.028550544451608116,injection
echts,0.028550544451608116,injection
eutun,0.028550544451608116,injection
eutu,0.028550544451608116,injection
gante,0.028550544451608116,injection
öhere,0.028550544451608116,injection
öner,0.028550544451608116,injection
"tzer,",0.028550544451608116,injection
serer,0.028550544451608116,injection
 nive,0.028550544451608116,injection
 niv,0.028550544451608116,injection
önere,0.028550544451608116,injection
 -ve,0.028550544451608116,injection
 a0-n,0.028550544451608116,injection
"ei, ",0.028550544451608116,injection
rektu,0.028550544451608116,injection
reibk,0.028550544451608116,injection
"ei,",0.028550544451608116,injection
rekto,0.028550544451608116,injection
cher.,0.028550544451608116,injection
ch-,0.028550544451608116,injection
-ni,0.028550544451608116,injection
-nive,0.028550544451608116,injection
-niv,0.028550544451608116,injection
ssert,0.028550544451608116,injection
sseru,0.028550544451608116,injection
ch-üb,0.028550544451608116,injection
liebi,0.028550544451608116,injection
chtsc,0.028550544451608116,injection
utun,0.028550544451608116,injection
bede,0.028550544451608116,injection
bedeu,0.028550544451608116,injection
ebige,0.028550544451608116,injection
ebig,0.028550544451608116,injection
sch-ü,0.028550544451608116,injection
sch-,0.028550544451608116,injection
 vere,0.028550544451608116,injection
utung,0.028550544451608116,injection
eibko,0.028550544451608116,injection
eibk,0.028550544451608116,injection
scher,0.028550544451608116,injection
her. ,0.028550544451608116,injection
her.,0.028550544451608116,injection
herem,0.028550544451608116,injection
-übe,0.028550544451608116,injection
-über,0.028550544451608116,injection
0-n,0.028550544451608116,injection
bkorr,0.028550544451608116,injection
-ve,0.028550544451608116,injection
rem ,0.028550544451608116,injection
behal,0.028550544451608116,injection
reinf,0.028550544451608116,injection
beha,0.028550544451608116,injection
igier,0.028550544451608116,injection
igie,0.028550544451608116,injection
ssere,0.028550544451608116,injection
0-ni,0.028550544451608116,injection
"bei, ",0.028550544451608116,injection
"bei,",0.028550544451608116,injection
ch-ü,0.028550544451608116,injection
"zel"".",0.028550544451608116,injection
erem ,0.028550544451608116,injection
iebig,0.028550544451608116,injection
iebi,0.028550544451608116,injection
ierte,0.028550544451608116,injection
edeut,0.028550544451608116,injection
edeu,0.028550544451608116,injection
0-niv,0.028550544451608116,injection
-verb,0.028550544451608116,injection
-ver,0.028550544451608116,injection
-üb,0.028550544451608116,injection
ektu,0.028550544451608116,injection
orrig,0.028550544451608116,injection
"tur, ",0.028550544451608116,injection
h-übe,0.028550544451608116,injection
"tur,",0.028550544451608116,injection
ibkor,0.028550544451608116,injection
"ur,",0.028550544451608116,injection
"ur, ",0.028550544451608116,injection
a0-n,0.028550544451608116,injection
ekto,0.028550544451608116,injection
ibko,0.028550544451608116,injection
htsch,0.028550544451608116,injection
ibk,0.028550544451608116,injection
höh,0.028550544451608116,injection
höhe,0.028550544451608116,injection
ektor,0.028550544451608116,injection
h-üb,0.028550544451608116,injection
h-ü,0.028550544451608116,injection
tschr,0.028550544451608116,injection
facht,0.028550544451608116,injection
orri,0.028550544451608116,injection
bkor,0.028550544451608116,injection
 erke,0.028550544451608116,injection
rari,0.028550544451608116,injection
raris,0.028550544451608116,injection
htsc,0.028550544451608116,injection
höher,0.028550544451608116,injection
erari,0.028550544451608116,injection
erein,0.028550544451608116,injection
vere,0.028550544451608116,injection
verei,0.028550544451608116,injection
 sat,0.028550544451608116,injection
 satz,0.028550544451608116,injection
"l"". ",0.028550544451608116,injection
deutu,0.028550544451608116,injection
ektur,0.028550544451608116,injection
erem,0.028550544451608116,injection
ktor ,0.028550544451608116,injection
"ktur,",0.028550544451608116,injection
"l"".",0.028550544451608116,injection
giert,0.028550544451608116,injection
"el"". ",0.028550544451608116,injection
isch-,0.028550544451608116,injection
korri,0.028550544451608116,injection
rkenn,0.028550544451608116,injection
rigie,0.028550544451608116,injection
rten.,0.028550544451608116,injection
"el"".",0.028550544451608116,injection
rigi,0.028550544451608116,injection
 bed,0.028550544451608116,injection
"zer, ",0.028550544451608116,injection
"zer,",0.028550544451608116,injection
 -v,0.028550544451608116,injection
hea,0.028546939945709324,injection
gru,0.028519742465616452,injection
atory,-0.028487688566340565,benign
dell,-0.028460412212172152,benign
och ,-0.028458234489701594,benign
shou,0.0284534341027778,injection
 shou,0.0284534341027778,injection
houl,0.0284534341027778,injection
hould,0.0284534341027778,injection
shoul,0.0284534341027778,injection
sba,0.028447916053006447,injection
 bri,-0.028432090477581124,benign
der? ,-0.028428439756976336,benign
der?,-0.028428439756976336,benign
 sel,0.02841455610858145,injection
"nt, ",0.028405886458199223,injection
"nt,",0.028405886458199223,injection
ords,0.028331378703283967,injection
rds,0.028331378703283967,injection
rds ,0.028331378703283967,injection
words,0.028331378703283967,injection
ords ,0.028331378703283967,injection
tren,0.028315226408896048,injection
ut? ,-0.0283130328823964,benign
 dat,-0.028273075042782685,benign
 age,0.028251708126542444,injection
ered,-0.02818663116887308,benign
ert ,-0.028123297049756416,benign
uper,0.02810204085636979,injection
upe,0.02810204085636979,injection
 supe,0.02810204085636979,injection
super,0.02810204085636979,injection
supe,0.02810204085636979,injection
issen,-0.02804942157214318,benign
 who,-0.027965353837874646,benign
who,-0.027965353837874646,benign
erien,-0.02796387313352837,benign
rend,-0.027913363761152544,benign
usba,0.02788837171180599,injection
usban,0.02788837171180599,injection
usb,0.02788837171180599,injection
husba,0.02788837171180599,injection
husb,0.02788837171180599,injection
hus,0.02788837171180599,injection
 hus,0.02788837171180599,injection
sban,0.02788837171180599,injection
 husb,0.02788837171180599,injection
sband,0.02788837171180599,injection
ok ,-0.027853158840488217,benign
ulati,0.027814969994635116,injection
wire,0.027777710571036913,injection
fir,0.027767314236624045,injection
zub,0.02774532551266801,injection
nd?,-0.027708656912798682,benign
 det,0.02769735939310538,injection
ays,0.027694969065985283,injection
ys ,0.027694969065985283,injection
ays ,0.027694969065985283,injection
cup ,0.0276765931071641,injection
nnen ,0.02767382517541019,injection
cien,-0.027617971974851458,benign
nabl,-0.02759246912929181,benign
esch,-0.027571874605237325,benign
esc,-0.027571874605237325,benign
bere,0.027564824087801976,injection
 ki ,0.027564674965735437,injection
 met,-0.027559832696798237,benign
 meth,-0.027559832696798237,benign
abs,0.027548985998730912,injection
 abs,0.027548985998730912,injection
selb,0.027486157180011784,injection
elbst,0.027486157180011784,injection
 selb,0.027486157180011784,injection
lbst,0.027486157180011784,injection
elb,0.027486157180011784,injection
lbs,0.027486157180011784,injection
elbs,0.027486157180011784,injection
selbs,0.027486157180011784,injection
ment ,-0.02747934941697941,benign
 zer,-0.027439599808428514,benign
 po,0.02743113231713982,injection
ctu,0.02738990096081924,injection
helf,0.02736651951607403,injection
elfen,0.02736651951607403,injection
helfe,0.02736651951607403,injection
lfen,0.02736651951607403,injection
elfe,0.02736651951607403,injection
bri,-0.02733293630965056,benign
inn,0.027309136703662695,injection
 eco,-0.0272878078843665,benign
 econ,-0.0272878078843665,benign
econo,-0.0272878078843665,benign
onom,-0.0272878078843665,benign
conom,-0.0272878078843665,benign
cono,-0.0272878078843665,benign
 spai,0.027279181577376875,injection
spain,0.027279181577376875,injection
spai,0.027279181577376875,injection
led ,0.027222670433342876,injection
 ask,0.02720050858475206,injection
icher,-0.02719555655001364,benign
uen ,0.02718349580255596,injection
thera,-0.027149391390266175,benign
erap,-0.027149391390266175,benign
herap,-0.027149391390266175,benign
icle,0.027146306234768117,injection
ticl,0.027146306234768117,injection
icl,0.027146306234768117,injection
ticle,0.027146306234768117,injection
rticl,0.027146306234768117,injection
cond,0.027107816834967383,injection
nat,-0.027097325509932473,benign
ieg,0.027083562997361435,injection
siche,-0.027042478546055494,benign
usst,-0.027040754057360908,benign
"chen,",0.02702418315498387,injection
rlich,-0.026987570556295276,benign
rlic,-0.026987570556295276,benign
reme,0.026953261173453348,injection
 nach,-0.026944286988940445,benign
 nac,-0.026944286988940445,benign
nativ,0.026936829471925997,injection
ovem,-0.026920376856966785,benign
oveme,-0.026920376856966785,benign
ire,0.026892195165662037,injection
 serv,0.026870379345733275,injection
ervic,0.026870379345733275,injection
vices,0.026870379345733275,injection
servi,0.026870379345733275,injection
serv,0.026870379345733275,injection
rvic,0.026870379345733275,injection
rvice,0.026870379345733275,injection
ting,0.026857678611705002,injection
ehe,0.026828723823067266,injection
pen ,-0.026802226791813738,benign
rer ,0.026799830614620497,injection
ping ,-0.02677100302494332,benign
hop,-0.02677100302494332,benign
oppi,-0.02677100302494332,benign
shop,-0.02677100302494332,benign
ppi,-0.02677100302494332,benign
pping,-0.02677100302494332,benign
hopp,-0.02677100302494332,benign
shopp,-0.02677100302494332,benign
hoppi,-0.02677100302494332,benign
ppin,-0.02677100302494332,benign
oppin,-0.02677100302494332,benign
 shop,-0.02677100302494332,benign
rvi,0.026756117679298263,injection
ervi,0.026756117679298263,injection
astic,0.02673837545181705,injection
prod,-0.02671392908222831,benign
produ,-0.02671392908222831,benign
 prod,-0.02671392908222831,benign
del ,-0.02669283359221537,benign
ating,-0.02661259702822647,benign
atin,-0.02661259702822647,benign
 her,-0.026569253718045437,benign
ild ,0.026568981332102403,injection
sign,0.02655523346216986,injection
rols,-0.026541979753223272,benign
rols ,-0.026541979753223272,benign
reed ,-0.026541979753223272,benign
 auf ,0.026519577873157882,injection
mens,-0.026505076669376702,benign
res. ,0.026428246906357162,injection
res.,0.026428246906357162,injection
emand,0.02642517804006228,injection
utz,-0.026424866245435122,benign
ren?,-0.02638561780652521,benign
ren? ,-0.02638561780652521,benign
you. ,0.026322899604633264,injection
ou.,0.026322899604633264,injection
you.,0.026322899604633264,injection
 you.,0.026322899604633264,injection
ou. ,0.026322899604633264,injection
 gese,-0.026302891993242806,benign
gese,-0.026302891993242806,benign
ds ,0.026210601834226955,injection
irb,0.026195352721969854,injection
 stir,0.026195352721969854,injection
tirb,0.026195352721969854,injection
stir,0.026195352721969854,injection
stirb,0.026195352721969854,injection
ikel ,0.026155035450674147,injection
eru,-0.026108650333333087,benign
nable,-0.026062863187334653,benign
iert,-0.0260575696742075,benign
 they,0.026001026674205382,injection
wants,0.0259297343530142,injection
arn,-0.02592492706060829,benign
onme,0.025870434777264445,injection
onmen,0.025870434777264445,injection
onm,0.025870434777264445,injection
"rs, ",0.025862698249640062,injection
"rs,",0.025862698249640062,injection
zer,-0.02584541749548755,benign
ctiv,-0.025832453722876257,benign
ders,0.025784819758232137,injection
mp ,0.025751397948860794,injection
ump ,0.025751397948860794,injection
rump ,0.025751397948860794,injection
mming,-0.025735381918277702,benign
mmin,-0.025735381918277702,benign
ammin,-0.025735381918277702,benign
ang,-0.02571406076318803,benign
tay,0.025650027981561494,injection
stay,0.025650027981561494,injection
epl,0.025622687194375073,injection
alb ,0.025571930893683988,injection
alaus,0.025571930893683988,injection
alau,0.025571930893683988,injection
nzig,0.025571930893683988,injection
 weis,0.025571930893683988,injection
anzei,0.025571930893683988,injection
alb,0.025571930893683988,injection
nux-,0.025571930893683988,injection
odebl,0.025571930893683988,injection
nux-t,0.025571930893683988,injection
nzeig,0.025571930893683988,injection
 {wi,0.025571930893683988,injection
 {w,0.025571930893683988,injection
rhalb,0.025571930893683988,injection
oll.,0.025571930893683988,injection
 {wie,0.025571930893683988,injection
ocks ,0.025571930893683988,injection
ocks,0.025571930893683988,injection
-term,0.025571930893683988,injection
oll. ,0.025571930893683988,injection
nzige,0.025571930893683988,injection
nnerh,0.025571930893683988,injection
" tun,",0.025571930893683988,injection
-ter,0.025571930893683988,injection
nzei,0.025571930893683988,injection
odeb,0.025571930893683988,injection
ammer,0.025571930893683988,injection
anze,0.025571930893683988,injection
hren ,-0.02557016447777131,benign
eer,0.025484038420419155,injection
edo,-0.0254823410221573,benign
fte,-0.02547580444095751,benign
 fir,0.0254025521461759,injection
hen ,-0.025398625513880745,benign
recen,-0.025366502031899104,benign
ecent,-0.025366502031899104,benign
ecen,-0.025366502031899104,benign
 ther,-0.02535001408243173,benign
cts ,-0.025331269372787155,benign
"ant,",0.02529357950545849,injection
"ant, ",0.02529357950545849,injection
 more,-0.025259410769699044,benign
more,-0.025259410769699044,benign
 tell,0.02525309271938745,injection
ict,-0.02523269122116193,benign
ock,-0.02521424161158077,benign
ula,0.025194791435732607,injection
ntie,0.02514570497635093,injection
ntier,0.02514570497635093,injection
ea ,-0.025141858529608936,benign
monst,0.0251101746358221,injection
mons,0.0251101746358221,injection
pecia,-0.02508013732856093,benign
ibl,-0.025069783889707094,benign
biet,-0.02501800126695933,benign
bie,-0.02501800126695933,benign
 bie,-0.02501800126695933,benign
biete,-0.02501800126695933,benign
 biet,-0.02501800126695933,benign
ape,0.02498877118895132,injection
lame ,0.024967150661557243,injection
lame,0.024967150661557243,injection
blam,0.024967150661557243,injection
blame,0.024967150661557243,injection
llen?,0.0249244293739417,injection
geht ,-0.02489572591607874,benign
rderu,-0.024840486239989502,benign
deru,-0.024840486239989502,benign
derun,-0.024840486239989502,benign
nch,0.024780443968845337,injection
err,-0.02468248437340419,benign
pme,-0.024640972394504707,benign
pment,-0.024640972394504707,benign
opmen,-0.024640972394504707,benign
pmen,-0.024640972394504707,benign
opme,-0.024640972394504707,benign
opm,-0.024640972394504707,benign
ip ,-0.02462827700435044,benign
dels,-0.02462319295022012,benign
ienh,0.02461654998302757,injection
nhand,0.02461654998302757,injection
tienh,0.02461654998302757,injection
ienha,0.02461654998302757,injection
diten,0.02461654998302757,injection
rspre,0.02461654998302757,injection
ndite,0.02461654998302757,injection
 rend,0.02461654998302757,injection
versp,0.02461654998302757,injection
 stay,0.024613308518424314,injection
ting ,0.02460348813445537,injection
ider,-0.024558463667233337,benign
ity.,-0.02455756937956995,benign
ity. ,-0.02455756937956995,benign
refug,-0.024550167289933273,benign
fuge,-0.024550167289933273,benign
fug,-0.024550167289933273,benign
fugee,-0.024550167289933273,benign
ugee,-0.024550167289933273,benign
efug,-0.024550167289933273,benign
efuge,-0.024550167289933273,benign
lect,0.024533904902946234,injection
lec,0.024533904902946234,injection
rese,0.024533493388780057,injection
tradi,-0.024516790636747984,benign
re. ,0.024470834070682863,injection
re.,0.024470834070682863,injection
ndit,-0.024464437308590433,benign
ands,0.024457768449386748,injection
rod,-0.02434976134415022,benign
rodu,-0.02434976134415022,benign
odu,-0.02434976134415022,benign
find,0.024332662836421416,injection
 i ,-0.024282798007060534,benign
natio,0.02426169697044105,injection
 abe,0.02424239721627876,injection
jew,0.024228823019750635,injection
more ,-0.024203852814687753,benign
zum,-0.024201611029791792,benign
zum ,-0.024201611029791792,benign
 zum,-0.024201611029791792,benign
 zum ,-0.024201611029791792,benign
perat,-0.02413972894829549,benign
pera,-0.02413972894829549,benign
 sev,0.024136766574698005,injection
comp,0.024117386107313267,injection
proc,0.024110961522462785,injection
zeit,0.02410558655293,injection
olor,-0.02405264011367122,benign
nsch ,-0.024048743493658178,benign
ung,-0.024009169675035906,benign
actin,0.023957984273543818,injection
olde,-0.023949935006714523,benign
tif,0.023937293226632905,injection
full ,0.02392509410329891,injection
ull ,0.02392509410329891,injection
hang,-0.023870660234568592,benign
quir,0.023855661789208043,injection
ubl,0.023854346243316824,injection
ubli,0.023854346243316824,injection
quic,-0.023849517425194207,benign
quick,-0.023849517425194207,benign
tuden,0.02384685035209306,injection
uden,0.02384685035209306,injection
 stu,0.02384685035209306,injection
stude,0.02384685035209306,injection
udent,0.02384685035209306,injection
tude,0.02384685035209306,injection
 stud,0.02384685035209306,injection
uie,-0.02380115925238137,benign
ed. ,-0.023783013631838986,benign
move,-0.02373135187663413,benign
mov,-0.02373135187663413,benign
chatg,0.02370676165047164,injection
hatg,0.02370676165047164,injection
atgp,0.02370676165047164,injection
atg,0.02370676165047164,injection
hatgp,0.02370676165047164,injection
tgpt,0.02370676165047164,injection
atgpt,0.02370676165047164,injection
tgp,0.02370676165047164,injection
 comp,0.023661195910133447,injection
data,0.023644625723712953,injection
aile,-0.02364295253918565,benign
ailed,-0.02364295253918565,benign
iled,-0.02364295253918565,benign
mper,-0.02362527327926548,benign
emper,-0.02362527327926548,benign
mpe,-0.02362527327926548,benign
mpera,-0.02362527327926548,benign
 210,-0.02362527327926548,benign
 2100,-0.02362527327926548,benign
 21,-0.02362527327926548,benign
empe,-0.02362527327926548,benign
2100,-0.02362527327926548,benign
210,-0.02362527327926548,benign
tempe,-0.02362527327926548,benign
eratu,-0.02362527327926548,benign
 tem,-0.02362527327926548,benign
 temp,-0.02362527327926548,benign
atur,-0.02362527327926548,benign
ratur,-0.02362527327926548,benign
temp,-0.02362527327926548,benign
uild ,0.023616382001831106,injection
ral ,-0.0236133563265031,benign
wisse,-0.02354912936249415,benign
lege,-0.023508351160967427,benign
uctur,0.02350455182626236,injection
uctu,0.02350455182626236,injection
ety,0.02350455182626236,injection
ety?,0.02350455182626236,injection
ctur,0.02350455182626236,injection
cture,0.02350455182626236,injection
 stru,0.02350455182626236,injection
ciet,0.02350455182626236,injection
ciety,0.02350455182626236,injection
ocie,0.02350455182626236,injection
ociet,0.02350455182626236,injection
socie,0.02350455182626236,injection
iety?,0.02350455182626236,injection
ructu,0.02350455182626236,injection
iety,0.02350455182626236,injection
ge.,0.023486893752752154,injection
ge. ,0.023486893752752154,injection
ahre,-0.02345852589238373,benign
untr,0.02345833915356328,injection
 den ,-0.023418155245283657,benign
nta,0.023411332719192487,injection
socia,-0.02339162108177557,benign
ocia,-0.02339162108177557,benign
ocial,-0.02339162108177557,benign
her ,0.023382228415973108,injection
 demo,0.023314243399723364,injection
niq,0.023310323576926455,injection
nique,0.023310323576926455,injection
niqu,0.023310323576926455,injection
ique,0.023310323576926455,injection
iqu,0.023310323576926455,injection
 uniq,0.023310323576926455,injection
uniq,0.023310323576926455,injection
uniqu,0.023310323576926455,injection
 bloc,0.023310323576926455,injection
 blo,0.023310323576926455,injection
spa,0.023308615933426115,injection
sre,0.023306967623238778,injection
echt,0.023304361287464853,injection
reed,-0.023269835062942782,benign
 unf,-0.023209513062007987,benign
nfair,-0.023209513062007987,benign
nfai,-0.023209513062007987,benign
 unfa,-0.023209513062007987,benign
unfa,-0.023209513062007987,benign
unfai,-0.023209513062007987,benign
ty?,0.023150126197002213,injection
fen,0.023149563714820843,injection
oper,-0.02312955306969893,benign
daten,-0.023046105018683264,benign
tensc,-0.023046105018683264,benign
date,-0.023046105018683264,benign
nschu,-0.023046105018683264,benign
atens,-0.023046105018683264,benign
 date,-0.023046105018683264,benign
 over,-0.023024167953274284,benign
 ove,-0.023024167953274284,benign
 ov,-0.023024167953274284,benign
gel,-0.023007426503787072,benign
udi,0.02297844692132097,injection
macht,0.022941255078001734,injection
chool,-0.022897575381464544,benign
schoo,-0.022897575381464544,benign
hools,-0.022897575381464544,benign
ools ,-0.022897575381464544,benign
ools,-0.022897575381464544,benign
ool,-0.022897575381464544,benign
hool,-0.022897575381464544,benign
sab,0.022887185584802766,injection
ief,0.022872279379681185,injection
weite,0.02282997693520508,injection
weit,0.02282997693520508,injection
nder,0.022822368977361115,injection
med,-0.0227321447453325,benign
 med,-0.0227321447453325,benign
 medi,-0.0227321447453325,benign
medi,-0.0227321447453325,benign
bei,-0.02272049291860826,benign
ble ,0.02271980318479266,injection
art ,0.02271138081296958,injection
 inf,0.022660761767531245,injection
erb,-0.02258976381218245,benign
 ap,-0.02258062557604167,benign
free,-0.022577605399431166,benign
 free,-0.022577605399431166,benign
sim,0.022569619440531746,injection
 sim,0.022569619440531746,injection
and ,-0.022502000417719978,benign
erob,-0.02246430397824027,benign
enser,-0.02246430397824027,benign
ael ,-0.02246430397824027,benign
rober,-0.02246430397824027,benign
robe,-0.02246430397824027,benign
nense,-0.02246430397824027,benign
 ero,-0.02246430397824027,benign
erobe,-0.02246430397824027,benign
 erob,-0.02246430397824027,benign
obe,-0.02246430397824027,benign
ober,-0.02246430397824027,benign
rael ,-0.02246430397824027,benign
nser ,-0.02246430397824027,benign
obern,-0.02246430397824027,benign
 rem,0.022434826637010772,injection
ine.,0.02241735722253987,injection
ine. ,0.02241735722253987,injection
 acco,0.02237753603842161,injection
acco,0.02237753603842161,injection
ordi,0.02237753603842161,injection
ordin,0.02237753603842161,injection
cco,0.02237753603842161,injection
erin,0.022345075440471707,injection
 tren,0.02232948500931578,injection
 {l,0.022302445002976314,injection
 {lik,0.022302445002976314,injection
 {li,0.022302445002976314,injection
 so. ,0.022302445002976314,injection
 so.,0.022302445002976314,injection
nux ,0.022302445002976314,injection
acket,0.022302445002976314,injection
al. ,0.022302445002976314,injection
al.,0.022302445002976314,injection
"ock,",0.022302445002976314,injection
ruct ,0.022302445002976314,injection
"ock, ",0.022302445002976314,injection
rack,0.022302445002976314,injection
 unle,0.022302445002976314,injection
 unl,0.022302445002976314,injection
nless,0.022302445002976314,injection
putt,0.022302445002976314,injection
nles,0.022302445002976314,injection
putti,0.022302445002976314,injection
racke,0.022302445002976314,injection
"rd,",0.02230134256351005,injection
"rd, ",0.02230134256351005,injection
eau,0.022285682390234055,injection
 get ,0.022178964334068046,injection
ings,0.02214991648905255,injection
grat,-0.022143972888691795,benign
ut?,0.022110871022405904,injection
erer,0.021973212375104082,injection
 pa,0.021962995693852433,injection
advic,-0.02194480344909796,benign
advi,-0.02194480344909796,benign
adv,-0.02194480344909796,benign
sic,0.021869716588692446,injection
fen? ,-0.021796489265811354,benign
fen?,-0.021796489265811354,benign
bild,0.021779440936262173,injection
 sind,0.02176449146877093,injection
sind,0.02176449146877093,injection
 woc,-0.021745715854273914,benign
 woch,-0.021745715854273914,benign
slate,0.02172445108213876,injection
ondi,-0.021706730843425583,benign
ondit,-0.021706730843425583,benign
agra,-0.021705155072685403,benign
ssio,-0.021704508574128346,benign
ssion,-0.021704508574128346,benign
its ,0.02168001515663851,injection
ppen ,0.021667782237553262,injection
allen,0.021609065530443644,injection
 pers,0.02159704194377446,injection
 eng,-0.02155529680834641,benign
 used,-0.021496792035105784,benign
uris,0.0214912094631174,injection
touri,0.0214912094631174,injection
ouris,0.0214912094631174,injection
ouri,0.0214912094631174,injection
rism,0.0214912094631174,injection
urism,0.0214912094631174,injection
ply,0.02147230308127075,injection
toc,-0.021452252713538688,benign
fro,-0.021384493948950558,benign
 fro,-0.021384493948950558,benign
kel ,0.021362234908439817,injection
"agen,",-0.021341023735534516,benign
tzte ,-0.02126949912925237,benign
zte ,-0.02126949912925237,benign
 ag,-0.021260202861167053,benign
fac,0.021226402100231342,injection
acke,0.021193891978230465,injection
peri,0.021174262974319555,injection
smus,0.021172139723525406,injection
ismus,0.021172139723525406,injection
ismu,0.021172139723525406,injection
smu,0.021172139723525406,injection
vor ,0.021169952971837692,injection
cord,0.021152867500575774,injection
cordi,0.021152867500575774,injection
ccor,0.021152867500575774,injection
ccord,0.021152867500575774,injection
accor,0.021152867500575774,injection
dev,-0.021145098171912964,benign
 dev,-0.021145098171912964,benign
ering,-0.021129561858269686,benign
gun,-0.021107785872838982,benign
gung,-0.021107785872838982,benign
 sl,0.021106936540469624,injection
eisen,-0.021095964872563527,benign
isen,-0.021095964872563527,benign
owed ,0.021042385609314804,injection
ory.,0.021034396906755355,injection
tory.,0.021034396906755355,injection
ory. ,0.021034396906755355,injection
ieder,0.021032437480272205,injection
wied,0.021032437480272205,injection
wiede,0.021032437480272205,injection
 wied,0.021032437480272205,injection
eder,0.021032437480272205,injection
kur,0.021015538953974226,injection
 rece,-0.020960579161326025,benign
eng,-0.02093267600399707,benign
epla,-0.020872070493773077,benign
on. ,-0.020861586853800698,benign
on.,-0.020861586853800698,benign
well ,0.020851417995757487,injection
stand,0.02082011035860254,injection
tand,0.02082011035860254,injection
aced ,-0.020804242248781107,benign
pur,-0.020804242248781107,benign
purch,-0.020804242248781107,benign
purc,-0.020804242248781107,benign
rcha,-0.020804242248781107,benign
rchas,-0.020804242248781107,benign
isti,0.020801044794204134,injection
ere? ,-0.020739759413079664,benign
here?,-0.020739759413079664,benign
ere?,-0.020739759413079664,benign
ene ,-0.020708291302704122,benign
 et,-0.020643933011050605,benign
sere,-0.020625797112394522,benign
rti,0.02059142363365582,injection
arti,0.02059142363365582,injection
 des ,-0.020585890288293614,benign
cke,-0.020570257838836772,benign
rsche,-0.020527372269398974,benign
ail ,-0.020517823529434105,benign
 wie ,-0.02051168226835356,benign
uth,0.020499191643469798,injection
 sea,-0.02047914058299801,benign
cci,-0.020475593234409634,benign
assie,0.020450387569686364,injection
passi,0.020450387569686364,injection
apo,-0.020423069808484063,benign
 sic,-0.020347857546324406,benign
 sich,-0.020347857546324406,benign
dly.,-0.02026403252067445,benign
dly. ,-0.02026403252067445,benign
ndly,-0.02026403252067445,benign
ndly.,-0.02026403252067445,benign
endly,-0.02026403252067445,benign
iendl,-0.02026403252067445,benign
nth? ,-0.020184364753961275,benign
onth,-0.020184364753961275,benign
oney ,-0.020184364753961275,benign
onth?,-0.020184364753961275,benign
nth?,-0.020184364753961275,benign
reg,-0.020162141175749937,benign
tier,-0.02013214219009914,benign
cou,-0.02010767203546799,benign
 cou,-0.02010767203546799,benign
omy ,0.020073481625236027,injection
nomy ,0.020073481625236027,injection
 akti,-0.020047442010665738,benign
used ,-0.020012766896896562,benign
used,-0.020012766896896562,benign
ness ,-0.020012766896896562,benign
poi,-0.019992186821891276,benign
oint,-0.019992186821891276,benign
 poi,-0.019992186821891276,benign
 poin,-0.019992186821891276,benign
poin,-0.019992186821891276,benign
point,-0.019992186821891276,benign
sn't,-0.019977275228864933,benign
sn',-0.019977275228864933,benign
sn't ,-0.019977275228864933,benign
lato,0.019937241948433996,injection
lator,0.019937241948433996,injection
slato,0.019937241948433996,injection
recht,-0.019903061389496598,benign
regu,-0.019900548906364928,benign
regul,-0.019900548906364928,benign
ond,0.019880942299437827,injection
lay ,0.01984909727310004,injection
hera,-0.019823896400216007,benign
ople ,-0.019823604176988602,benign
make,-0.019803876023809334,benign
 make,-0.019803876023809334,benign
 mak,-0.019803876023809334,benign
 car,0.01974307419310472,injection
mber ,0.019727249856703283,injection
 spec,-0.01971403601454626,benign
sen ,0.01968702495719775,injection
sfo,0.019648477739744957,injection
ragt,0.019600055718097042,injection
fragt,0.019600055718097042,injection
swi,0.019595171410029047,injection
ect ,0.019556371450494686,injection
iebe,0.019538873076107147,injection
 qui,-0.01951539787449643,benign
hmen ,-0.019476149319421314,benign
ienti,0.019374650585941032,injection
nds,-0.01936181432717935,benign
expla,-0.01936132977133162,benign
xpla,-0.01936132977133162,benign
 stan,0.019336085220393318,injection
des ,0.019310457469155558,injection
risch,0.019277630678771418,injection
risc,0.019277630678771418,injection
ras,-0.019257985975249203,benign
chal,0.019235603464702232,injection
 chal,0.019235603464702232,injection
well,-0.01922485310355621,benign
 well,-0.01922485310355621,benign
tik,-0.019213457606383422,benign
pli,0.019211066373521154,injection
rse.,0.019203671606138898,injection
rse. ,0.019203671606138898,injection
ttend,0.019115547494882305,injection
trat,0.01911214931502469,injection
tet,-0.019087155795058795,benign
 past,-0.019031439205588092,benign
past,-0.019031439205588092,benign
ake ,0.018981092671892623,injection
ain ,0.01892715936906746,injection
fall,0.018910453984262932,injection
fal,0.018910453984262932,injection
spr,-0.01887817557511907,benign
 rec,-0.018803245012177547,benign
iner ,0.018780569200762064,injection
 wher,-0.018763333264162282,benign
enge ,0.018761692955727313,injection
gal,0.01875770258730665,injection
 bo,-0.01875754973972959,benign
const,0.01875715087176872,injection
det,-0.01869809301154658,benign
 ask ,0.01868817246790922,injection
ns. ,0.01861578426699148,injection
ns.,0.01861578426699148,injection
aben ,-0.01859263062887313,benign
 she ,0.0185189672633019,injection
 she,0.0185189672633019,injection
table,-0.018500830565058232,benign
tabl,-0.018500830565058232,benign
awa,-0.018453610180401064,benign
 lin,0.01840106512942959,injection
sio,-0.01838273414480902,benign
sion,-0.01838273414480902,benign
gt ,0.018375415759783218,injection
las,0.01830993051169775,injection
 las,0.01830993051169775,injection
pec,-0.018298805377510958,benign
peci,-0.018298805377510958,benign
spec,-0.018298805377510958,benign
speci,-0.018298805377510958,benign
hods ,0.018279814120156484,injection
ods ,0.018279814120156484,injection
staur,-0.01827279934083504,benign
auran,-0.01827279934083504,benign
resta,-0.01827279934083504,benign
urant,-0.01827279934083504,benign
aura,-0.01827279934083504,benign
rant ,-0.01827279934083504,benign
stau,-0.01827279934083504,benign
taura,-0.01827279934083504,benign
estau,-0.01827279934083504,benign
taur,-0.01827279934083504,benign
asie,-0.018205971496810205,benign
 mor,-0.018188934034805017,benign
boo,-0.018163317158611258,benign
book,-0.018163317158611258,benign
rse,0.01808349959384172,injection
 mo,-0.018080987009949163,benign
rde ,-0.01805483925498096,benign
warn,0.0180200824994663,injection
 warn,0.0180200824994663,injection
warni,0.0180200824994663,injection
mbe,-0.017868607274340493,benign
mber,-0.017868607274340493,benign
cons,-0.01781957849776197,benign
 cons,-0.01781957849776197,benign
laced,-0.017798080107799808,benign
aced,-0.017798080107799808,benign
rauch,-0.017783846957260294,benign
rauc,-0.017783846957260294,benign
ews,0.017712467854098614,injection
sure ,0.017695174787291143,injection
each,0.017680509339716693,injection
eac,0.017680509339716693,injection
bro,-0.017679733128795786,benign
thods,-0.017678254061425803,benign
ods,-0.017678254061425803,benign
hods,-0.017678254061425803,benign
amm,-0.017655677579629794,benign
ira,0.017635880857573755,injection
ials ,0.017631011549626464,injection
rials,0.017631011549626464,injection
ials,0.017631011549626464,injection
ört,0.01762397172990215,injection
ming,0.01757070799622265,injection
pain ,0.01756978068005814,injection
 men,-0.01756459016141816,benign
 ne,0.017564105394450965,injection
ahl,-0.01752787038598487,benign
lde,0.017479154272806063,injection
hen,-0.01747318432158668,benign
 incr,0.01747089790456805,injection
creas,0.01747089790456805,injection
incre,0.01747089790456805,injection
ncrea,0.01747089790456805,injection
ncre,0.01747089790456805,injection
ncr,0.01747089790456805,injection
incr,0.01747089790456805,injection
rease,0.01747089790456805,injection
rd ,-0.017431965149852353,benign
swers,0.017395637400012185,injection
wers,0.017395637400012185,injection
wers ,0.017395637400012185,injection
keit.,0.01736298451871279,injection
nter ,0.01736298451871279,injection
 man ,0.01735122522863819,injection
lead,0.017350878662127093,injection
 lead,0.017350878662127093,injection
low ,0.01735035082350999,injection
llow ,0.01735035082350999,injection
olli,0.01732979929085409,injection
aar ,-0.017323374364998093,benign
aar,-0.017323374364998093,benign
paa,-0.017323374364998093,benign
paar ,-0.017323374364998093,benign
paar,-0.017323374364998093,benign
 chat,-0.01730680254518957,benign
adt ,-0.017287968633005763,benign
tadt ,-0.017287968633005763,benign
gst,-0.01728246722242956,benign
mil,0.017281516383483547,injection
ply ,0.01726905505758547,injection
ast ,0.017221878255011095,injection
hst,0.017216833912026466,injection
ttg,-0.01720392317550024,benign
 din,-0.017195323480425767,benign
it. ,-0.01718847126020943,benign
it.,-0.01718847126020943,benign
tar,0.017179443208483504,injection
erso,-0.01714888075739732,benign
legal,0.017117308473093732,injection
egal,0.017117308473093732,injection
ibt.,-0.01711730500467614,benign
bt.,-0.01711730500467614,benign
gibt.,-0.01711730500467614,benign
ars,-0.017107749277465324,benign
arum,0.017094958104432696,injection
aru,0.017094958104432696,injection
waru,0.017094958104432696,injection
warum,0.017094958104432696,injection
cultu,-0.01709253083584948,benign
cult,-0.01709253083584948,benign
orta,0.017069717304352604,injection
rta,0.017069717304352604,injection
ltern,-0.01706443101855333,benign
ten. ,-0.0170431545710541,benign
ten.,-0.0170431545710541,benign
ure,0.01702150587613521,injection
eld,-0.0169737759727761,benign
elli,0.016967307581550597,injection
ett,-0.016953768068976055,benign
aur,0.0168953381863207,injection
 spra,0.016894735839905802,injection
st?,0.01689185275173638,injection
st? ,0.01689185275173638,injection
tail,0.016886679716425428,injection
deta,0.016886679716425428,injection
etai,0.016886679716425428,injection
 deta,0.016886679716425428,injection
etail,0.016886679716425428,injection
detai,0.016886679716425428,injection
eta,0.016886679716425428,injection
sst,-0.016810666339640536,benign
bes,-0.016797671803239718,benign
ral,-0.016772503843459657,benign
line.,0.01675250307513348,injection
model,0.016741411607850434,injection
odel,0.016741411607850434,injection
ewa,0.01673532180522185,injection
ars. ,-0.016694577075183778,benign
ars.,-0.016694577075183778,benign
 lit,0.016677780634546297,injection
-ins ,0.016640483738899422,injection
 -in,0.016640483738899422,injection
 -ins,0.016640483738899422,injection
num,0.016640483738899422,injection
numb,0.016640483738899422,injection
-ins,0.016640483738899422,injection
-in,0.016640483738899422,injection
 -i,0.016640483738899422,injection
numbe,0.016640483738899422,injection
dam,0.016624606032764104,injection
fects,-0.016581801902347836,benign
ects ,-0.016581801902347836,benign
 way,0.016541374639451895,injection
 ot,0.016541374639451895,injection
 othe,0.016541374639451895,injection
 oth,0.016541374639451895,injection
für ,-0.016497319544947247,benign
ür ,-0.016497319544947247,benign
für,-0.016497319544947247,benign
rar,0.01649269024549862,injection
iona,0.01647394021215712,injection
ional,0.01647394021215712,injection
ahl ,0.016473154671879778,injection
llen ,0.016469056678642582,injection
te.,0.01646101412836892,injection
te. ,0.01646101412836892,injection
ltig,-0.01642254781739355,benign
gpt ,0.01641450345401063,injection
eit. ,-0.016405464887247343,benign
eit.,-0.016405464887247343,benign
ure ,-0.016395964373337433,benign
ner ,-0.01633922942209093,benign
sis,0.01632739076388713,injection
tgpt ,0.01631952138785164,injection
aren ,0.016314508973570042,injection
une,-0.01631431338169971,benign
kauf ,0.01630848942467077,injection
elope,-0.01630084454942959,benign
lope,-0.01630084454942959,benign
oped,-0.01630084454942959,benign
loped,-0.01630084454942959,benign
ped,-0.01630084454942959,benign
oped ,-0.01630084454942959,benign
ped ,-0.01630084454942959,benign
"h, ",-0.016271439397360022,benign
 meh,-0.016220007276138218,benign
 mehr,-0.016220007276138218,benign
mehr,-0.016220007276138218,benign
meh,-0.016220007276138218,benign
bot,-0.01619911946969396,benign
fun,-0.01615394563784953,benign
egen,0.016153793449527044,injection
ersi,-0.01613485723292507,benign
 fin,-0.016122724208969888,benign
sel,0.016122371618168544,injection
rap,-0.016114760253768977,benign
oved,0.01609920852557067,injection
oved ,0.01609920852557067,injection
ties ,0.016094043073124203,injection
allo,-0.016042766506040137,benign
weise,0.016018544185528595,injection
"in,",-0.015995631177676873,benign
"in, ",-0.015995631177676873,benign
lying,0.015993654437684416,injection
lyi,0.015993654437684416,injection
lyin,0.015993654437684416,injection
dem,0.015984111837943814,injection
hlu,-0.01598305466962576,benign
kenn,-0.015932867427025425,benign
nner,0.01588622984928578,injection
inner,0.01588622984928578,injection
eti,0.015882189043389585,injection
 va,0.01587483247955576,injection
mp?,-0.015833126065166292,benign
rump?,-0.015833126065166292,benign
ump? ,-0.015833126065166292,benign
mp? ,-0.015833126065166292,benign
ump?,-0.015833126065166292,benign
lar ,-0.015824872855949187,benign
son ,-0.015799769274009445,benign
make ,0.01579714377785307,injection
bil,-0.01574653632998703,benign
rgung,-0.01569919450337469,benign
orgu,-0.01569919450337469,benign
orgun,-0.01569919450337469,benign
rgun,-0.01569919450337469,benign
 scho,-0.015682604361824847,benign
scho,-0.015682604361824847,benign
ammen,0.01567064625801708,injection
sea,-0.01566787184208719,benign
 wer,-0.01565096574356096,benign
mal,-0.015640420607187615,benign
delin,-0.015636357300184898,benign
lines,-0.015636357300184898,benign
deli,-0.015636357300184898,benign
uidel,-0.015636357300184898,benign
idel,-0.015636357300184898,benign
eline,-0.015636357300184898,benign
ideli,-0.015636357300184898,benign
osi,0.015615624082168319,injection
where,-0.015597439810548603,benign
wher,-0.015597439810548603,benign
rry,0.015566547179384308,injection
erial,-0.015496398624122162,benign
eria,-0.015496398624122162,benign
teria,-0.015496398624122162,benign
ateri,-0.015496398624122162,benign
ndest,0.01548893980779144,injection
 spr,0.015462317916175073,injection
nis,0.015440981032997198,injection
 ak,0.015391305389617969,injection
sav,-0.01539052035449948,benign
xpe,-0.015385200465797352,benign
expe,-0.015385200465797352,benign
 expe,-0.015385200465797352,benign
ello,-0.015349732219881847,benign
 bel,0.01531659203488083,injection
 beli,0.01531659203488083,injection
belie,0.01531659203488083,injection
beli,0.01531659203488083,injection
elie,0.01531659203488083,injection
bel,0.01531659203488083,injection
 spre,0.015314008329347824,injection
asse ,0.015284356232677664,injection
onen ,-0.015257915033576064,benign
 wie,0.015221753948362253,injection
ard ,-0.01521063845627572,benign
spo,-0.015183928685692868,benign
iche,0.01515150453109551,injection
uch,-0.015143443457023167,benign
 spa,-0.015127523655354328,benign
emog,-0.015120338014644396,benign
mogr,-0.015120338014644396,benign
mog,-0.015120338014644396,benign
mogra,-0.015120338014644396,benign
emogr,-0.015120338014644396,benign
demog,-0.015120338014644396,benign
ext?,0.015107907288288683,injection
_text,0.015107907288288683,injection
xt?,0.015107907288288683,injection
pt_,0.015107907288288683,injection
t_te,0.015107907288288683,injection
_te,0.015107907288288683,injection
pt_t,0.015107907288288683,injection
pt_te,0.015107907288288683,injection
t_tex,0.015107907288288683,injection
_tex,0.015107907288288683,injection
text?,0.015107907288288683,injection
t_t,0.015107907288288683,injection
mpt_t,0.015107907288288683,injection
mpt_,0.015107907288288683,injection
ompt_,0.015107907288288683,injection
frank,0.015107650685719043,injection
rank,0.015107650685719043,injection
 ist,0.015074673426990204,injection
risti,-0.015024583023368253,benign
hste,-0.01501025156903862,benign
chs,-0.01501025156903862,benign
chst,-0.01501025156903862,benign
chste,-0.01501025156903862,benign
data ,-0.01500450115124327,benign
law ,0.014980855708705908,injection
law,0.014980855708705908,injection
 law ,0.014980855708705908,injection
 law,0.014980855708705908,injection
hwei,-0.014893658216477701,benign
chwei,-0.014893658216477701,benign
üsse,-0.01485652154480916,benign
üssen,-0.01485652154480916,benign
 müss,-0.01485652154480916,benign
 müs,-0.01485652154480916,benign
müsse,-0.01485652154480916,benign
müs,-0.01485652154480916,benign
üss,-0.01485652154480916,benign
müss,-0.01485652154480916,benign
 emp,-0.014827793147220027,benign
 empf,-0.014827793147220027,benign
empf,-0.014827793147220027,benign
sult,0.01478376795059571,injection
sul,0.01478376795059571,injection
esul,0.01478376795059571,injection
esult,0.01478376795059571,injection
resu,0.01478376795059571,injection
resul,0.01478376795059571,injection
 resu,0.01478376795059571,injection
asn't,0.014774954018614426,injection
ough?,0.014774954018614426,injection
asn',0.014774954018614426,injection
endes,-0.014717629804349522,benign
 ask?,-0.014707032225302782,benign
ngest,-0.014707032225302782,benign
ask?,-0.014707032225302782,benign
sk?,-0.014707032225302782,benign
onges,-0.014707032225302782,benign
tic,0.014702214046572916,injection
ren,-0.014671010136740605,benign
rover,0.014615183387361447,injection
leng,-0.014607379141469088,benign
chall,-0.014607379141469088,benign
halle,-0.014607379141469088,benign
lleng,-0.014607379141469088,benign
enge,-0.014607379141469088,benign
lenge,-0.014607379141469088,benign
 good,-0.014603086831026721,benign
goo,-0.014603086831026721,benign
 goo,-0.014603086831026721,benign
good,-0.014603086831026721,benign
m? ,-0.014559341618559905,benign
new,-0.014539966790463673,benign
ekt,-0.014535836235104146,benign
land?,0.014522078027528976,injection
remov,0.014509629299475192,injection
remo,0.014509629299475192,injection
 sure,0.014509629299475192,injection
 sur,0.014509629299475192,injection
2100?,-0.014462330871971647,benign
rad ,-0.014462330871971647,benign
0? ,-0.014462330871971647,benign
100?,-0.014462330871971647,benign
00? ,-0.014462330871971647,benign
100? ,-0.014462330871971647,benign
00?,-0.014462330871971647,benign
ons? ,-0.014446938351632898,benign
ons?,-0.014446938351632898,benign
ions?,-0.014446938351632898,benign
ule,-0.014305377858786314,benign
rau,0.01430079005446695,injection
acti,0.014291372077221275,injection
reat,0.014285156486572947,injection
mmen ,0.014264355935927503,injection
 bla,0.014228682436766713,injection
 disc,-0.014177741521261248,benign
disc,-0.014177741521261248,benign
ssen ,0.014174708535515564,injection
nfa,0.014159318155343263,injection
 user,0.014147374106210326,injection
user,0.014147374106210326,injection
onse,0.014056125390598228,injection
aten ,0.014023221043263518,injection
ed?,-0.013990296538502263,benign
ong,0.013958262645840942,injection
firm,-0.013945691274436926,benign
irm,-0.013945691274436926,benign
 sin,-0.013879777575645099,benign
wever,0.013874983142372396,injection
wev,0.013874983142372396,injection
howe,0.013874983142372396,injection
"ver, ",0.013874983142372396,injection
"ever,",0.013874983142372396,injection
weve,0.013874983142372396,injection
 howe,0.013874983142372396,injection
oweve,0.013874983142372396,injection
owev,0.013874983142372396,injection
xper,0.013874983142372396,injection
xperi,0.013874983142372396,injection
exper,0.013874983142372396,injection
rienc,0.013874983142372396,injection
"ver,",0.013874983142372396,injection
howev,0.013874983142372396,injection
perie,0.013874983142372396,injection
 rest,-0.013871132686129212,benign
niss,-0.013804927329900686,benign
nisse,-0.013804927329900686,benign
 stre,0.013787908456452419,injection
stre,0.013787908456452419,injection
spons,0.01377023525217944,injection
ponse,0.01377023525217944,injection
pons,0.01377023525217944,injection
ade,0.013745672094768069,injection
menta,-0.013739799126549929,benign
enta,-0.013739799126549929,benign
 tra,0.013700022826491798,injection
 ec,0.013699037655737384,injection
erk,0.013578566814325715,injection
 sup,-0.01356365120404281,benign
sup,-0.01356365120404281,benign
urse.,0.013552661669811764,injection
ieh,0.01352348804378948,injection
apar,-0.01350951506767927,benign
apart,-0.01350951506767927,benign
tmen,-0.01350951506767927,benign
tme,-0.01350951506767927,benign
rtmen,-0.01350951506767927,benign
partm,-0.01350951506767927,benign
rtme,-0.01350951506767927,benign
rtm,-0.01350951506767927,benign
artm,-0.01350951506767927,benign
artme,-0.01350951506767927,benign
 apar,-0.01350951506767927,benign
 apa,-0.01350951506767927,benign
tment,-0.01350951506767927,benign
ls ,0.013491396534912506,injection
 must,0.013440199308368934,injection
must,0.013440199308368934,injection
eca,-0.013435231986667524,benign
ski,-0.013429903721891085,benign
dly,-0.01338000635597445,benign
nah,0.013354950918116166,injection
teri,-0.01330762573312819,benign
eide ,0.013307245317881768,injection
 way ,0.013299742812386484,injection
 simu,0.013299742812386484,injection
ong ,0.013299742812386484,injection
nge ,-0.013297804322369832,benign
hun,0.013276069351797341,injection
hung,0.013276069351797341,injection
refu,0.013273886140821653,injection
rk ,-0.013230943386890794,benign
sell,-0.013211591463738523,benign
hlen,0.013099207021376697,injection
chat,-0.013093263164431308,benign
arü,-0.013091036532405481,benign
arüb,-0.013091036532405481,benign
arübe,-0.013091036532405481,benign
 darü,-0.013091036532405481,benign
rüb,-0.013091036532405481,benign
rübe,-0.013091036532405481,benign
darüb,-0.013091036532405481,benign
rüber,-0.013091036532405481,benign
darü,-0.013091036532405481,benign
got ,-0.01308798728955496,benign
 got ,-0.01308798728955496,benign
 got,-0.01308798728955496,benign
iert ,-0.01308552188185797,benign
elin,-0.013082027328728756,benign
nlin,0.013069371830867559,injection
nli,0.013069371830867559,injection
nline,0.013069371830867559,injection
onlin,0.013069371830867559,injection
 onli,0.013069371830867559,injection
onli,0.013069371830867559,injection
egr,-0.01306719274794449,benign
must ,0.013049849637897659,injection
buil,-0.012984413298019663,benign
 bui,-0.012984413298019663,benign
bui,-0.012984413298019663,benign
build,-0.012984413298019663,benign
uil,-0.012984413298019663,benign
 buil,-0.012984413298019663,benign
uild,-0.012984413298019663,benign
isp,0.012962436212184724,injection
lters,0.012958081149449761,injection
100,-0.012956532115515586,benign
dies ,-0.012928502297043598,benign
ar ,0.012917687938157877,injection
ience,-0.012871673145088141,benign
 em,-0.012852503713077402,benign
ourse,0.012851305382044806,injection
eigen,0.012829414746098338,injection
erke,-0.012826050862693148,benign
rem,0.012803684027435066,injection
moral,0.012777654669299645,injection
gs ,0.012777654669299645,injection
mora,0.012777654669299645,injection
oral,0.012777654669299645,injection
 vers,0.01274415020337431,injection
leme,0.012663565871511741,injection
lemen,0.012663565871511741,injection
mach,-0.012646253313121634,benign
mac,-0.012646253313121634,benign
xpl,0.012615878097176745,injection
 expl,0.012615878097176745,injection
expl,0.012615878097176745,injection
thei,0.012580460847037962,injection
dent ,-0.012577377061361148,benign
pah,-0.012564965470482326,benign
 soll,-0.012551943548446536,benign
soll,-0.012551943548446536,benign
kto,0.012549148472514211,injection
ktor,0.012549148472514211,injection
lti,-0.012531097464376997,benign
creat,-0.012530725781368612,benign
elieb,0.01249652692978822,injection
 usa,0.012370550492632918,injection
tab,0.012368318644870086,injection
aft,0.01227615278315262,injection
amer,0.012235864186977237,injection
tis,0.012212085751759605,injection
 how,0.01221151536153499,injection
etzt,0.012173687965543648,injection
tzt,0.012173687965543648,injection
tige,-0.012147018928268319,benign
ehalt,-0.012145122664191602,benign
ehal,-0.012145122664191602,benign
kenne,0.012130790277891457,injection
ennen,0.012130790277891457,injection
enne,0.012130790277891457,injection
 tun.,0.012055085762260618,injection
tun.,0.012055085762260618,injection
un. ,0.012055085762260618,injection
tun. ,0.012055085762260618,injection
un.,0.012055085762260618,injection
roduk,0.012050548248462372,injection
odukt,0.012050548248462372,injection
duk,0.012050548248462372,injection
dukt,0.012050548248462372,injection
oduk,0.012050548248462372,injection
ötig,-0.012045877172012193,benign
öti,-0.012045877172012193,benign
nöt,-0.012045877172012193,benign
benöt,-0.012045877172012193,benign
enöt,-0.012045877172012193,benign
enö,-0.012045877172012193,benign
benö,-0.012045877172012193,benign
nöti,-0.012045877172012193,benign
 benö,-0.012045877172012193,benign
enöti,-0.012045877172012193,benign
nötig,-0.012045877172012193,benign
 af,-0.012033410472657217,benign
 waru,-0.012023893173205102,benign
per ,0.012013276082761397,injection
 zeit,0.011972825331752267,injection
höne,0.011965105913208473,injection
chöne,0.011965105913208473,injection
öne,0.011965105913208473,injection
ffice,-0.01194916178210597,benign
fice,-0.01194916178210597,benign
fice ,-0.01194916178210597,benign
hobb,0.01193755391490907,injection
bby ,0.01193755391490907,injection
hob,0.01193755391490907,injection
hobby,0.01193755391490907,injection
obby ,0.01193755391490907,injection
obby,0.01193755391490907,injection
 hob,0.01193755391490907,injection
 hobb,0.01193755391490907,injection
bby,0.01193755391490907,injection
ersch,0.011899111745875898,injection
ersc,0.011899111745875898,injection
atu,-0.011881781223034387,benign
ratu,-0.011881781223034387,benign
evel,-0.011874218321243,benign
emen,0.011826314160398189,injection
tor,-0.011819732639410753,benign
 app,-0.011809700481769162,benign
ltigk,0.011758671285544435,injection
sight,0.011747646488018086,injection
sigh,0.011747646488018086,injection
el ,0.011745442767785197,injection
rm ,-0.011742258983161665,benign
pas,-0.011725917202950516,benign
impl,0.011713967675722914,injection
ory,0.011690948090386542,injection
rking,0.011640289980479833,injection
rkei ,-0.011628180085505637,benign
ankba,-0.011628180085505637,benign
ankb,-0.011628180085505637,benign
ofür,-0.011628180085505637,benign
nkba,-0.011628180085505637,benign
 wof,-0.011628180085505637,benign
ofü,-0.011628180085505637,benign
nkb,-0.011628180085505637,benign
ofür ,-0.011628180085505637,benign
nkbar,-0.011628180085505637,benign
 wofü,-0.011628180085505637,benign
ser ,-0.011620207117902856,benign
undl,-0.011602059379250566,benign
meth,-0.011594985918430613,benign
met,-0.011594985918430613,benign
rass,-0.01159431430336625,benign
rasse,-0.01159431430336625,benign
rden ,0.011591288740999118,injection
ree,0.011565891813729643,injection
 zie,0.011543105208222392,injection
rad,0.011527514396135414,injection
ince,0.011508763952066807,injection
ince ,0.011508763952066807,injection
 il,0.011508763952066807,injection
 sinc,0.011508763952066807,injection
 ille,0.011508763952066807,injection
 ill,0.011508763952066807,injection
sinc,0.011508763952066807,injection
since,0.011508763952066807,injection
illeg,0.011508763952066807,injection
ille,0.011508763952066807,injection
llega,0.011508763952066807,injection
lleg,0.011508763952066807,injection
eze,-0.011471839313378682,benign
comme,0.011447369087189725,injection
recom,0.011447369087189725,injection
ecomm,0.011447369087189725,injection
lock,-0.01143809393258392,benign
rste ,-0.011396583292146588,benign
"l, ",0.01139125910967532,injection
" es,",0.011377997914442477,injection
" es, ",0.011377997914442477,injection
offe,-0.011308987354083144,benign
sci,0.011308771059409119,injection
orb,0.01129801503176199,injection
2100 ,-0.011282059506918636,benign
ase? ,-0.011282059506918636,benign
ase?,-0.011282059506918636,benign
iste,0.011260111506529858,injection
ngs ,0.011257782018505535,injection
gal ,0.011257782018505535,injection
ings ,0.011257782018505535,injection
egal ,0.011257782018505535,injection
pte,-0.011251865059407461,benign
apa,0.011237019933358234,injection
ettl,0.011168336774347604,injection
 sett,0.011168336774347604,injection
tleme,0.011168336774347604,injection
ttlem,0.011168336774347604,injection
settl,0.011168336774347604,injection
sett,0.011168336774347604,injection
ettle,0.011168336774347604,injection
 rela,-0.011142291303491205,benign
relat,-0.011142291303491205,benign
rela,-0.011142291303491205,benign
elat,-0.011142291303491205,benign
jed,-0.01112610525646858,benign
 jed,-0.01112610525646858,benign
dert ,-0.011076879639533002,benign
dert,-0.011076879639533002,benign
tips,-0.01106384432575135,benign
 tips,-0.01106384432575135,benign
eer ,0.0109561686493293,injection
itisc,0.010921140888080714,injection
has,-0.01084598346331975,benign
um ,0.01082120216650161,injection
ane,0.010799251248261124,injection
rneh,-0.01079911936023334,benign
erneh,-0.01079911936023334,benign
rnehm,-0.01079911936023334,benign
isin,-0.010727170232532047,benign
rona-,-0.010723692787887155,benign
ona-,-0.010723692787887155,benign
na-,-0.010723692787887155,benign
itie,0.010665617748045485,injection
gree,0.010652728034618114,injection
lücht,-0.010632779294105504,benign
flüc,-0.010632779294105504,benign
flüch,-0.010632779294105504,benign
flü,-0.010632779294105504,benign
lüch,-0.010632779294105504,benign
ücht,-0.010632779294105504,benign
tra,0.010609583747606026,injection
efu,-0.01055485803449363,benign
erspr,0.01052256006383943,injection
ersp,0.01052256006383943,injection
rsp,0.01052256006383943,injection
rspr,0.01052256006383943,injection
 str,-0.01052178878980945,benign
ied,-0.010498724720939078,benign
 news,-0.010490916537710008,benign
news,-0.010490916537710008,benign
cas,0.010475002789716938,injection
user ,0.010475002789716938,injection
alit,0.010475002789716938,injection
econ,0.010437059451904367,injection
hie,-0.010420519381725647,benign
rict,0.010298285455008086,injection
stric,0.010298285455008086,injection
trict,0.010298285455008086,injection
eco,0.010290675005922264,injection
 ent,-0.01026447384398124,benign
uage ,-0.010263017222451494,benign
urt,-0.010258391127665857,benign
ragt ,0.010257129640440014,injection
 dazu,-0.010229324265980472,benign
dazu,-0.010229324265980472,benign
azu,-0.010229324265980472,benign
 daz,-0.010229324265980472,benign
daz,-0.010229324265980472,benign
len?,0.010226334194523573,injection
len? ,0.010226334194523573,injection
mak,0.010176612585822522,injection
new ,0.010155446376740531,injection
 new ,0.010155446376740531,injection
here ,-0.010150109074036498,benign
enti,-0.01014507798122938,benign
 simp,0.010131201497654797,injection
simp,0.010131201497654797,injection
simpl,0.010131201497654797,injection
rs?,-0.010125273406809956,benign
rs? ,-0.010125273406809956,benign
erati,0.010103379203551177,injection
tory,-0.010075347838996038,benign
den. ,-0.010062674324966131,benign
orki,0.010060507758796246,injection
worki,0.010060507758796246,injection
orkin,0.010060507758796246,injection
gut ,-0.009983318651947015,benign
 gut ,-0.009983318651947015,benign
cte,0.009907781420958656,injection
della,-0.00989412304184847,benign
 kurm,-0.00989412304184847,benign
atif,-0.00989412304184847,benign
ella,-0.00989412304184847,benign
bde,-0.00989412304184847,benign
ürkei,-0.00989412304184847,benign
 abd,-0.00989412304184847,benign
türk,-0.00989412304184847,benign
atif ,-0.00989412304184847,benign
bdell,-0.00989412304184847,benign
ellat,-0.00989412304184847,benign
abde,-0.00989412304184847,benign
tür,-0.00989412304184847,benign
rmo ,-0.00989412304184847,benign
 abde,-0.00989412304184847,benign
rmo,-0.00989412304184847,benign
ürke,-0.00989412304184847,benign
tif ,-0.00989412304184847,benign
ürk,-0.00989412304184847,benign
urmo ,-0.00989412304184847,benign
urmo,-0.00989412304184847,benign
urm,-0.00989412304184847,benign
bdel,-0.00989412304184847,benign
latif,-0.00989412304184847,benign
abd,-0.00989412304184847,benign
llati,-0.00989412304184847,benign
 türk,-0.00989412304184847,benign
rkei,-0.00989412304184847,benign
 tür,-0.00989412304184847,benign
 tü,-0.00989412304184847,benign
kurm,-0.00989412304184847,benign
abdel,-0.00989412304184847,benign
kurmo,-0.00989412304184847,benign
llat,-0.00989412304184847,benign
türke,-0.00989412304184847,benign
blic,-0.009797309105347473,benign
se? ,-0.009764517409318605,benign
ihrer,0.009746060328095257,injection
hrer ,0.009746060328095257,injection
old,-0.009745982744627107,benign
 scie,0.009718024489447738,injection
scien,0.009718024489447738,injection
 sci,0.009718024489447738,injection
scie,0.009718024489447738,injection
 it?,-0.009690567636071281,benign
els,0.009662225808829682,injection
ess,-0.009590842727130367,benign
 vor ,0.009557697466775636,injection
here,0.009487973341595308,injection
geh,-0.00948256950866562,benign
se?,0.009466231126189105,injection
oday,-0.00944987670351418,benign
oday?,-0.00944987670351418,benign
rior,0.00940283200160702,injection
perio,0.00940283200160702,injection
 usa ,0.00940283200160702,injection
rior ,0.00940283200160702,injection
 engl,-0.009392991032618625,benign
tin,0.009385811069805239,injection
raph,0.009351695761730902,injection
osit,0.009351695761730902,injection
ositi,0.009351695761730902,injection
siti,0.009351695761730902,injection
sitio,0.009351695761730902,injection
aph,0.009351695761730902,injection
posit,0.009351695761730902,injection
grap,0.009351695761730902,injection
graph,0.009351695761730902,injection
 wol,0.009331472481086933,injection
 woll,0.009331472481086933,injection
 lan,0.00930441142721741,injection
dung,0.009294311465876524,injection
dun,0.009294311465876524,injection
henen,-0.009242111164952488,benign
nend,-0.009242111164952488,benign
hene,-0.009242111164952488,benign
hmen?,-0.009242111164952488,benign
nende,-0.009242111164952488,benign
chene,-0.009242111164952488,benign
enend,-0.009242111164952488,benign
latio,0.009190552599851865,injection
lici,0.009154755667412704,injection
trati,-0.00914520068921701,benign
rfa,0.009075879251847612,injection
erfa,0.009075879251847612,injection
 data,-0.009050520454128496,benign
ship,-0.009031116373077868,benign
hip,-0.009031116373077868,benign
 ho,0.009022146456742153,injection
aten,-0.009010239889972965,benign
 wm?,0.008999432170201906,injection
 wm? ,0.008999432170201906,injection
 wm,0.008999432170201906,injection
mmen,0.008996232455841437,injection
"ty, ",0.008990977651507715,injection
"ty,",0.008990977651507715,injection
 mora,0.008990977651507715,injection
then ,0.008990977651507715,injection
"ity,",0.008990977651507715,injection
"ity, ",0.008990977651507715,injection
geht,-0.008905000638847676,benign
 geht,-0.008905000638847676,benign
st. ,-0.008902307077688276,benign
st.,-0.008902307077688276,benign
nse.,0.00890091997608498,injection
onse.,0.00890091997608498,injection
nse. ,0.00890091997608498,injection
ata ,0.00889463350780708,injection
ifte,0.00887680904289458,injection
measu,-0.008829948506582811,benign
asu,-0.008829948506582811,benign
meas,-0.008829948506582811,benign
easur,-0.008829948506582811,benign
easu,-0.008829948506582811,benign
asur,-0.008829948506582811,benign
 meas,-0.008829948506582811,benign
asure,-0.008829948506582811,benign
sures,-0.008829948506582811,benign
rapy,-0.008826278955600012,benign
ps?,-0.008826278955600012,benign
rapy ,-0.008826278955600012,benign
apy,-0.008826278955600012,benign
apy ,-0.008826278955600012,benign
erna,-0.008821447400542522,benign
rna,-0.008821447400542522,benign
lati,0.008798087147515236,injection
japan,-0.008770041454954613,benign
pan ,-0.008770041454954613,benign
vit,-0.008770041454954613,benign
adit,-0.008770041454954613,benign
apan ,-0.008770041454954613,benign
aditi,-0.008770041454954613,benign
ivit,-0.008770041454954613,benign
apan,-0.008770041454954613,benign
 japa,-0.008770041454954613,benign
japa,-0.008770041454954613,benign
 jap,-0.008770041454954613,benign
tivit,-0.008770041454954613,benign
jap,-0.008770041454954613,benign
radit,-0.008770041454954613,benign
tivi,-0.008770041454954613,benign
erbes,0.008684146865248465,injection
besse,0.008684146865248465,injection
rbess,0.008684146865248465,injection
esser,0.008684146865248465,injection
bess,0.008684146865248465,injection
verbe,0.008684146865248465,injection
verb,0.008684146865248465,injection
sser,0.008684146865248465,injection
rbes,0.008684146865248465,injection
ina,-0.008544848875543536,benign
may ,0.008538829585183406,injection
enso,0.008538829585183406,injection
ensor,0.008538829585183406,injection
cies ,0.008538829585183406,injection
cies,0.008538829585183406,injection
icies,0.008538829585183406,injection
may,0.008538829585183406,injection
licie,0.008538829585183406,injection
nso,0.008538829585183406,injection
olici,0.008538829585183406,injection
 may,0.008538829585183406,injection
 may ,0.008538829585183406,injection
nsor,0.008538829585183406,injection
cens,0.008538829585183406,injection
censo,0.008538829585183406,injection
reng,0.008493391321347509,injection
 chr,0.008489827428311432,injection
hrist,0.008489827428311432,injection
rist,0.008489827428311432,injection
hris,0.008489827428311432,injection
 chri,0.008489827428311432,injection
chris,0.008489827428311432,injection
dre,-0.008489079080377175,benign
"ning,",0.008453509757992073,injection
nings,0.008453509757992073,injection
remem,0.008453509757992073,injection
[chat,0.008453509757992073,injection
[ch,0.008453509757992073,injection
[cha,0.008453509757992073,injection
amt,0.008424034659101349,injection
ile ,-0.008415081026978471,benign
tling,0.008319123554010939,injection
üchtl,0.008319123554010939,injection
 flü,0.008319123554010939,injection
 flüc,0.008319123554010939,injection
nste,0.00829710161494942,injection
ring ,0.008290690829360532,injection
bern,0.008286438495001868,injection
stud,0.008268748391607107,injection
tud,0.008268748391607107,injection
arc,0.008227947291287731,injection
wic,0.008194356355300041,injection
tric,0.008176912090191103,injection
ttle,-0.00811396526808628,benign
ttl,-0.00811396526808628,benign
engl,-0.008087867749073673,benign
nglis,-0.008087867749073673,benign
engli,-0.008087867749073673,benign
ngl,-0.008087867749073673,benign
ngli,-0.008087867749073673,benign
glis,-0.008087867749073673,benign
eing ,0.008032820920105054,injection
rect ,0.008032820920105054,injection
 abi,0.008032820920105054,injection
 abil,0.008032820920105054,injection
bein,0.008032820920105054,injection
being,0.008032820920105054,injection
 bein,0.008032820920105054,injection
opin,0.007978391302027267,injection
 opin,0.007978391302027267,injection
 opi,0.007978391302027267,injection
einer,0.0079492651565621,injection
iner,0.0079492651565621,injection
hom,-0.007933599963352701,benign
 home,-0.007933599963352701,benign
 hom,-0.007933599963352701,benign
home,-0.007933599963352701,benign
home ,-0.007933599963352701,benign
 dem,0.007929991022542068,injection
self,0.007929670723030956,injection
tei,0.0079106114061695,injection
osin,0.007894736706853664,injection
osing,0.007894736706853664,injection
 dem ,0.007892477366081535,injection
tro,0.007886964206948052,injection
nzi,0.00788141817644752,injection
 prof,0.0078263238791246,injection
prof,0.0078263238791246,injection
terne,-0.007792367476322062,benign
sion ,0.007791739472546185,injection
rth,0.00774949069174788,injection
onge,-0.007734987726699023,benign
longe,-0.007734987726699023,benign
anz,-0.007707109326996352,benign
ual,0.007670730529203481,injection
 cens,0.007670730529203481,injection
rcas,0.007670730529203481,injection
 neve,0.007670730529203481,injection
sarca,0.007670730529203481,injection
 sarc,0.007670730529203481,injection
 sar,0.007670730529203481,injection
ality,0.007670730529203481,injection
 cen,0.007670730529203481,injection
neve,0.007670730529203481,injection
arca,0.007670730529203481,injection
arcas,0.007670730529203481,injection
sarc,0.007670730529203481,injection
 nev,0.007670730529203481,injection
nev,0.007670730529203481,injection
never,0.007670730529203481,injection
tual,0.007670730529203481,injection
 da ,0.007665819557932801,injection
raphi,0.007665286909754597,injection
ograp,0.007665286909754597,injection
aphi,0.007665286909754597,injection
ompos,0.007665286909754597,injection
phi,0.007665286909754597,injection
ompo,0.007665286909754597,injection
phic,0.007665286909754597,injection
phic ,0.007665286909754597,injection
aphic,0.007665286909754597,injection
ange?,0.007665286909754597,injection
cours,-0.0076643762662766965,benign
cour,-0.0076643762662766965,benign
 cour,-0.0076643762662766965,benign
utes ,0.007642525497968674,injection
opini,0.007631640874449357,injection
nion,0.007631640874449357,injection
nio,0.007631640874449357,injection
pini,0.007631640874449357,injection
inion,0.007631640874449357,injection
inio,0.007631640874449357,injection
pinio,0.007631640874449357,injection
dest,0.0076053960768443524,injection
nder ,-0.007581491918695021,benign
wo ,-0.007576923349921651,benign
siert,-0.007542526810646851,benign
estin,0.007540332662801609,injection
ava,0.007538510620255642,injection
orbe,0.007537228070193592,injection
rothe,0.007523148935238754,injection
ntry.,0.007523148935238754,injection
roth,0.007523148935238754,injection
aces ,0.007523148935238754,injection
aces,0.007523148935238754,injection
ory ,-0.007508480018530162,benign
activ,-0.007504851154180439,benign
lace ,-0.007487518521237389,benign
uen,-0.007476006095799476,benign
py ,0.007446339290235424,injection
sch ,0.007428211596152134,injection
krei,-0.007318993153169373,benign
nkrei,-0.007318993153169373,benign
kreic,-0.007318993153169373,benign
nkre,-0.007318993153169373,benign
rankr,-0.007318993153169373,benign
ankre,-0.007318993153169373,benign
nkr,-0.007318993153169373,benign
ankr,-0.007318993153169373,benign
ika,0.007295438762789963,injection
 tour,0.007264552912113774,injection
 sui,-0.007227265879100159,benign
uit,-0.007227265879100159,benign
suit,-0.007227265879100159,benign
sui,-0.007227265879100159,benign
 suit,-0.007227265879100159,benign
iede,-0.007212605122304736,benign
ree ,0.007192462486092584,injection
eten ,-0.007183874988133581,benign
noch ,0.00713440561814579,injection
hall,0.007114882384886707,injection
sure,0.007090013211552828,injection
 eins,0.007067622030431048,injection
eins,0.007067622030431048,injection
 gel,-0.006943023047797123,benign
nete ,-0.0068767080139716654,benign
ete ,-0.0068767080139716654,benign
pac,-0.006860362574553509,benign
 spac,-0.006860362574553509,benign
pace,-0.006860362574553509,benign
icts,0.006843631879187327,injection
distr,0.006843631879187327,injection
ricts,0.006843631879187327,injection
dist,0.006843631879187327,injection
 dist,0.006843631879187327,injection
istri,0.006843631879187327,injection
icts ,0.006843631879187327,injection
pass,0.006843454892003283,injection
ures,-0.0067343573126764575,benign
 gra,-0.006719080319929563,benign
 grad,-0.006719080319929563,benign
grad,-0.006719080319929563,benign
onger,0.006714383216321112,injection
ngere,-0.006696396346229623,benign
gere,-0.006696396346229623,benign
 ung,-0.006696396346229623,benign
 unge,-0.006696396346229623,benign
elt ,-0.006673033519358266,benign
ears ,-0.006672932113921349,benign
ars ,-0.006672932113921349,benign
rst ,-0.006608018463219043,benign
eth,-0.006603953631825656,benign
tir,0.006597086596328638,injection
 me ,0.006559174911245147,injection
aste,0.0065580524877476235,injection
ima,0.0065509073138224905,injection
 inde,-0.0065489369890906505,benign
ratin,0.006548795781895829,injection
pecif,0.006548795781895829,injection
onse ,0.006548795781895829,injection
 test,0.006548795781895829,injection
"al,",0.006548795781895829,injection
oral ,0.006548795781895829,injection
nse ,0.006548795781895829,injection
"al, ",0.006548795781895829,injection
 tes,0.006548795781895829,injection
enen,0.006534178168496217,injection
ures ,-0.006399172904926854,benign
 mens,-0.0063740143592215665,benign
mensc,-0.0063740143592215665,benign
ben,0.006357207611415724,injection
nel,-0.006357156375042896,benign
unt,-0.006329872061304259,benign
 zus,-0.006325536537121025,benign
 zusa,-0.006325536537121025,benign
tter,0.006282128845001991,injection
rian ,0.006270901130018605,injection
nich ,0.006270901130018605,injection
aria,0.006270901130018605,injection
rian,0.006270901130018605,injection
arian,0.006270901130018605,injection
there,-0.006230615421265927,benign
ank,0.006188785569800472,injection
 el,-0.006188485139925559,benign
uide,-0.0061872132507909934,benign
uid,-0.0061872132507909934,benign
guid,-0.0061872132507909934,benign
guide,-0.0061872132507909934,benign
 guid,-0.0061872132507909934,benign
 gui,-0.0061872132507909934,benign
ofa,0.006186705390994255,injection
"nity,",0.006186705390994255,injection
rofa,0.006186705390994255,injection
nsor ,0.006186705390994255,injection
actua,0.006186705390994255,injection
rofan,0.006186705390994255,injection
profa,0.006186705390994255,injection
ossib,0.006186705390994255,injection
poss,0.006186705390994255,injection
possi,0.006186705390994255,injection
"rse,",0.006186705390994255,injection
"rse, ",0.006186705390994255,injection
ofan,0.006186705390994255,injection
ofani,0.006186705390994255,injection
ossi,0.006186705390994255,injection
actu,0.006186705390994255,injection
oss,0.006186705390994255,injection
chen ,-0.006155228066085991,benign
wie ,-0.006113396545222963,benign
endit,-0.0060806345234502976,benign
 pan,0.0059784803696531505,injection
om ,-0.0059638072178451965,benign
merk,-0.005874477560279441,benign
stra,-0.005844019218091013,benign
strat,-0.005844019218091013,benign
ame ,0.005831956760924052,injection
eris,-0.005813274008591139,benign
ecia,-0.005722226904105873,benign
repla,-0.005679614268994083,benign
eplac,-0.005679614268994083,benign
 läuf,0.005674332889532521,injection
 läu,0.005674332889532521,injection
uft ,0.005674332889532521,injection
äuf,0.005674332889532521,injection
läuft,0.005674332889532521,injection
äuft,0.005674332889532521,injection
äuft ,0.005674332889532521,injection
läuf,0.005674332889532521,injection
finde,-0.005669894326618711,benign
angeg,-0.005627364454472805,benign
cle,-0.005608695268557092,benign
hit,-0.005570299208469067,benign
kevin,0.005559519684191259,injection
evin ,0.005559519684191259,injection
evin,0.005559519684191259,injection
kev,0.005559519684191259,injection
kevi,0.005559519684191259,injection
vin ,0.005559519684191259,injection
liu,0.005559519684191259,injection
 kev,0.005559519684191259,injection
 liu,0.005559519684191259,injection
 kevi,0.005559519684191259,injection
vice,0.005535706420594127,injection
vic,0.005535706420594127,injection
iat,-0.005522271605800063,benign
iate,-0.005522271605800063,benign
nside,-0.0055031100999554305,benign
nsid,-0.0055031100999554305,benign
ili,-0.005494749492674873,benign
 ih,-0.005488305765421171,benign
pular,0.0054791742760477965,injection
nsti,0.005463191756890207,injection
ateg,-0.005394650226920969,benign
rateg,-0.005394650226920969,benign
ant?,0.00539048255844115,injection
ant? ,0.00539048255844115,injection
sev,0.005375175841461331,injection
ktie,-0.0053672143277435245,benign
ktien,-0.0053672143277435245,benign
aktie,-0.0053672143277435245,benign
ey ,0.0053378707134407516,injection
nle,0.005324135287979255,injection
bec,0.005295378543406472,injection
 bec,0.005295378543406472,injection
nach ,-0.005270420895066638,benign
fraue,0.00526414263235596,injection
frau,0.00526414263235596,injection
 frau,0.00526414263235596,injection
raue,0.00526414263235596,injection
rauen,0.00526414263235596,injection
gsba,0.005225221336046177,injection
gsbau,0.005225221336046177,injection
gerec,0.005225221336046177,injection
siedl,0.005225221336046177,injection
gsb,0.005225221336046177,injection
edlun,0.005225221336046177,injection
edl,0.005225221336046177,injection
iedl,0.005225221336046177,injection
iedlu,0.005225221336046177,injection
ngsba,0.005225221336046177,injection
ungsb,0.005225221336046177,injection
ngsb,0.005225221336046177,injection
dlung,0.005225221336046177,injection
dlu,0.005225221336046177,injection
dlun,0.005225221336046177,injection
unger,0.005225221336046177,injection
echt?,0.005225221336046177,injection
sied,0.005225221336046177,injection
sbau,0.005225221336046177,injection
lungs,0.005225221336046177,injection
sbau ,0.005225221336046177,injection
 sied,0.005225221336046177,injection
bau ,0.005225221336046177,injection
edlu,0.005225221336046177,injection
nds ,0.005170146032806553,injection
tz ,0.005158417403353774,injection
eated,0.00515351219354548,injection
ated,-0.005146490467291346,benign
rri,0.005108763382445124,injection
gro,-0.005084357526011833,benign
 gro,-0.005084357526011833,benign
esen,-0.005056754287769408,benign
tour,-0.005031337127899782,benign
strea,0.0050047416738789085,injection
reami,0.0050047416738789085,injection
trea,0.0050047416738789085,injection
eami,0.0050047416738789085,injection
tream,0.0050047416738789085,injection
eamin,0.0050047416738789085,injection
ly?,-0.004994321888576618,benign
bly?,-0.004994321888576618,benign
nably,-0.004994321888576618,benign
ably?,-0.004994321888576618,benign
ert?,-0.004987374167056267,benign
ctr,0.004942376159915879,injection
ectr,0.004942376159915879,injection
lectr,0.004942376159915879,injection
ria,-0.004917609439351808,benign
ity,-0.004908456362325062,benign
 gef,0.004861038981715458,injection
ken ,0.004822266643445413,injection
 abou,0.004751513001979328,injection
bou,0.004751513001979328,injection
abou,0.004751513001979328,injection
about,0.004751513001979328,injection
bout,0.004751513001979328,injection
lüc,0.004641527401407415,injection
echt ,-0.004579899164366427,benign
ntrie,0.0045669673381938496,injection
ntri,0.0045669673381938496,injection
mmi,0.004549505564828982,injection
rausf,0.004518615850834824,injection
raus,0.004518615850834824,injection
eraus,0.004518615850834824,injection
 hera,0.004518615850834824,injection
usfo,0.004518615850834824,injection
sford,0.004518615850834824,injection
ausfo,0.004518615850834824,injection
usfor,0.004518615850834824,injection
sfor,0.004518615850834824,injection
herau,0.004518615850834824,injection
 cult,-0.004493863055887528,benign
 cul,-0.004493863055887528,benign
resea,0.004491483585457726,injection
 rese,0.004491483585457726,injection
esear,0.004491483585457726,injection
esea,0.004491483585457726,injection
ähr,-0.004439870737887879,benign
adin,0.004435796822633745,injection
ading,0.004435796822633745,injection
 word,0.004424961891663576,injection
ivi,-0.004394390168676405,benign
 usa-,0.004313471974433213,injection
sa-ch,0.004313471974433213,injection
-chin,0.004313471974433213,injection
a-ch,0.004313471974433213,injection
a-chi,0.004313471974433213,injection
a-c,0.004313471974433213,injection
sa-c,0.004313471974433213,injection
sa-,0.004313471974433213,injection
-chi,0.004313471974433213,injection
-ch,0.004313471974433213,injection
usa-,0.004313471974433213,injection
usa-c,0.004313471974433213,injection
gehe,0.004287969661027526,injection
rson,-0.004147368020270636,benign
perso,-0.004147368020270636,benign
erson,-0.004147368020270636,benign
nt ,-0.004110397605014743,benign
rfüg,-0.004062243460493684,benign
rfü,-0.004062243460493684,benign
prac,0.00403434786138588,injection
spra,0.00403434786138588,injection
sprac,0.00403434786138588,injection
prach,0.00403434786138588,injection
rach,0.00403434786138588,injection
 refu,0.003970027060370964,injection
ses,0.003968298522667749,injection
"gen, ",-0.003953742413031555,benign
"gen,",-0.003953742413031555,benign
wea,-0.003921327823678527,benign
ila,0.0038954300519258764,injection
inian,0.0038417670654260767,injection
alest,0.0038417670654260767,injection
tinia,0.0038417670654260767,injection
pale,0.0038417670654260767,injection
lest,0.0038417670654260767,injection
lesti,0.0038417670654260767,injection
nian,0.0038417670654260767,injection
inia,0.0038417670654260767,injection
stini,0.0038417670654260767,injection
pales,0.0038417670654260767,injection
ales,0.0038417670654260767,injection
 pale,0.0038417670654260767,injection
tini,0.0038417670654260767,injection
ours,-0.0038244875340606808,benign
rkel ,-0.0037610104014845725,benign
ader,-0.0037610104014845725,benign
ader?,-0.0037610104014845725,benign
vent,-0.0037132620547153912,benign
unter,-0.003713250037219639,benign
 unte,-0.003713250037219639,benign
ad.,0.003686940763012986,injection
ad. ,0.003686940763012986,injection
emp,-0.003584855879304683,benign
tli,0.003512654517850874,injection
mehr ,-0.003499892687279928,benign
ition,0.003472208819382145,injection
itio,0.003472208819382145,injection
achte,-0.0034607935244623483,benign
 zwe,0.0034554182531247963,injection
 zw,0.0034554182531247963,injection
 zwei,0.0034554182531247963,injection
zwe,0.0034554182531247963,injection
zwei,0.0034554182531247963,injection
omy,0.0034341307977963807,injection
nomy,0.0034341307977963807,injection
onomy,0.0034341307977963807,injection
ran,-0.0034261133724169126,benign
ht ,0.0033788809885527374,injection
earch,0.0033181401374599985,injection
arch,0.0033181401374599985,injection
searc,0.0033181401374599985,injection
earc,0.0033181401374599985,injection
sear,0.0033181401374599985,injection
 sh,0.003232784302353813,injection
alrea,-0.0032299594652860355,benign
aken,-0.0032299594652860355,benign
nvi,-0.0032299594652860355,benign
ady,-0.0032299594652860355,benign
ronme,-0.0032299594652860355,benign
ady ,-0.0032299594652860355,benign
read,-0.0032299594652860355,benign
ronm,-0.0032299594652860355,benign
aken ,-0.0032299594652860355,benign
nviro,-0.0032299594652860355,benign
alr,-0.0032299594652860355,benign
ntall,-0.0032299594652860355,benign
"res,",-0.0032299594652860355,benign
"ar,",-0.0032299594652860355,benign
"ar, ",-0.0032299594652860355,benign
nvir,-0.0032299594652860355,benign
alre,-0.0032299594652860355,benign
"res, ",-0.0032299594652860355,benign
ready,-0.0032299594652860355,benign
lek,0.00322680732951321,injection
igt,0.0032121695344863284,injection
sen,-0.003204790819826547,benign
 le,-0.0031973241248450645,benign
fung,0.0031952646234712184,injection
 dar,0.0031822573347632835,injection
mate,0.0031366589987800652,injection
cell,-0.003105739974530577,benign
 kau,-0.003096656982144455,benign
kauf,-0.003096656982144455,benign
kau,-0.003096656982144455,benign
 kauf,-0.003096656982144455,benign
cent,0.003062289598861387,injection
ace ,0.0030350266583795437,injection
isten,-0.0030214774096534664,benign
pani,0.003013295502696603,injection
erbe,-0.0029779623241919548,benign
wahl,-0.0029613003165838195,benign
peak ,-0.002918623966030061,benign
let,0.002909075143302106,injection
els ,0.0028909376718803865,injection
ega,0.002877421720706625,injection
ehl,-0.0028404800611890983,benign
fehl,-0.0028404800611890983,benign
feh,-0.0028404800611890983,benign
ötige,0.0028180161599465417,injection
ommen,-0.0028029587867942135,benign
omme,-0.0028029587867942135,benign
ses ,0.0027949758346154756,injection
nion ,0.002757117324118585,injection
ehme,0.0027463435920689343,injection
ehm,0.0027463435920689343,injection
neh,0.0027463435920689343,injection
nehm,0.0027463435920689343,injection
nehme,0.0027463435920689343,injection
ehmen,0.0027463435920689343,injection
 rech,-0.0027066048143544338,benign
terna,0.002664125444680965,injection
 sef,-0.002643524177599489,benign
 sefs,-0.002643524177599489,benign
profe,0.002640298247167227,injection
ofess,0.002640298247167227,injection
rofe,0.002640298247167227,injection
fess,0.002640298247167227,injection
rofes,0.002640298247167227,injection
ofes,0.002640298247167227,injection
ofe,0.002640298247167227,injection
look ,-0.0025921725603823714,benign
endi,-0.002582977351905355,benign
gees,0.002515646940513799,injection
ugees,0.002515646940513799,injection
ags,0.002483076915563535,injection
lture,-0.002448133429299965,benign
 was?,-0.002434964523013722,benign
as?,-0.002434964523013722,benign
as? ,-0.002434964523013722,benign
len ,-0.0023867151597219203,benign
tion.,-0.0023233298563630563,benign
ion. ,-0.0023233298563630563,benign
ion.,-0.0023233298563630563,benign
ies,-0.0023212574459633892,benign
ty? ,-0.0023063294570403858,benign
 it.,-0.00230556698307721,benign
 it. ,-0.00230556698307721,benign
best ,-0.0023038898157511324,benign
tzer,-0.0022873538590840194,benign
ktur,0.002226422349973406,injection
nger,0.002219045082389969,injection
opera,-0.002212338317156827,benign
oal,0.0021822796037256078,injection
oal ,0.0021822796037256078,injection
arni,-0.0021550461596196724,benign
rnin,-0.0021550461596196724,benign
arnin,-0.0021550461596196724,benign
rning,-0.0021550461596196724,benign
long,0.002116521209298322,injection
 lon,0.002116521209298322,injection
 long,0.002116521209298322,injection
exp,-0.002103825222526978,benign
 exp,-0.002103825222526978,benign
 liv,0.0020583143846632564,injection
 live,0.0020583143846632564,injection
liv,0.0020583143846632564,injection
live,0.0020583143846632564,injection
 new,0.002043179573243394,injection
fut,0.0020257947985810884,injection
 us ,-0.0020252968166422293,benign
hste ,0.0020090492693360827,injection
bko,0.001995480193527321,injection
rview,0.0019437915843975037,injection
overv,0.0019437915843975037,injection
rvie,0.0019437915843975037,injection
aila,0.0019437915843975037,injection
ailab,0.0019437915843975037,injection
odels,0.0019437915843975037,injection
nem ,0.0019414220835412355,injection
inem ,0.0019414220835412355,injection
inem,0.0019414220835412355,injection
einem,0.0019414220835412355,injection
bet,0.0018808454264333805,injection
acc,-0.0018689098140089765,benign
come ,0.001830945295390148,injection
 team,0.001824617711276131,injection
aper ,0.001824617711276131,injection
team ,0.001824617711276131,injection
 tea,0.001824617711276131,injection
team,0.001824617711276131,injection
eam ,0.001824617711276131,injection
inste,0.0018115021279758933,injection
lter,0.0018080845404054174,injection
 verb,-0.0017974621428153807,benign
ini,0.0017971969189240168,injection
ed.,0.0017894050353640361,injection
krise,-0.0017523969352213477,benign
rise,-0.0017523969352213477,benign
rise ,-0.0017523969352213477,benign
kris,-0.0017523969352213477,benign
 für ,-0.00167759737820187,benign
 fü,-0.00167759737820187,benign
 für,-0.00167759737820187,benign
arch ,0.0016569667042213132,injection
cie,0.001656678501643162,injection
hand,-0.0016329506983934797,benign
dan,0.0016223694817173407,injection
thr,0.0016163064579359878,injection
 thr,0.0016163064579359878,injection
utu,0.0015991718856584805,injection
esche,0.0015888154082891854,injection
 dan,0.0015534233780973737,injection
elf,0.0015037919051082546,injection
upp,-0.0014937711477582293,benign
komme,0.001475097871493756,injection
sond,-0.001442823383914495,benign
sonde,-0.001442823383914495,benign
gung ,0.001426550260385614,injection
rnat,0.001414649712427633,injection
ernat,0.001414649712427633,injection
rnati,0.001414649712427633,injection
versi,0.0013906624466767162,injection
soc,-0.0013872784071238395,benign
 soci,-0.0013872784071238395,benign
 soc,-0.0013872784071238395,benign
oci,-0.0013872784071238395,benign
soci,-0.0013872784071238395,benign
done ,0.0013253919743199157,injection
 foo,-0.0013045015171014294,benign
foo,-0.0013045015171014294,benign
col,-0.0012919590953500315,benign
 col,-0.0012919590953500315,benign
colo,-0.0012919590953500315,benign
 colo,-0.0012919590953500315,benign
efr,-0.00123550350893182,benign
 gefr,-0.00123550350893182,benign
efrag,-0.00123550350893182,benign
gefr,-0.00123550350893182,benign
gefra,-0.00123550350893182,benign
efra,-0.00123550350893182,benign
cel,-0.0012257344568904521,benign
 gesc,-0.001220585095584243,benign
gesch,-0.001220585095584243,benign
gesc,-0.001220585095584243,benign
 buy,-0.00118029859017058,benign
ctri,-0.00118029859017058,benign
tric ,-0.00118029859017058,benign
ctric,-0.00118029859017058,benign
ric ,-0.00118029859017058,benign
ectri,-0.00118029859017058,benign
buy,-0.00118029859017058,benign
cke ,-0.0011600606059231125,benign
demon,-0.0011346670845766784,benign
emon,-0.0011346670845766784,benign
emons,-0.0011346670845766784,benign
nstra,-0.0011346670845766784,benign
tak,0.0011232398109105783,injection
 tak,0.0011232398109105783,injection
take,0.0011232398109105783,injection
 take,0.0011232398109105783,injection
rati,-0.0010777641459045295,benign
bre,0.0010505623025774255,injection
ore.,-0.0010384829967043261,benign
vir,-0.0010384829967043261,benign
ental,-0.0010384829967043261,benign
ntal,-0.0010384829967043261,benign
ore. ,-0.0010384829967043261,benign
qui,0.0010323912145082446,injection
ouse,0.0010282167772451265,injection
house,0.0010282167772451265,injection
langu,0.0009837616041543473,injection
guage,0.0009837616041543473,injection
nguag,0.0009837616041543473,injection
uage,0.0009837616041543473,injection
uag,0.0009837616041543473,injection
gua,0.0009837616041543473,injection
angu,0.0009837616041543473,injection
angua,0.0009837616041543473,injection
guag,0.0009837616041543473,injection
ngua,0.0009837616041543473,injection
ies. ,-0.0009589228655568014,benign
ies.,-0.0009589228655568014,benign
rund,0.0009314702272783588,injection
ement,-0.0009230053683730521,benign
chten,-0.0008651209902065091,benign
hten,-0.0008651209902065091,benign
chön,-0.0008585761090435843,benign
 schö,-0.0008585761090435843,benign
chö,-0.0008585761090435843,benign
schö,-0.0008585761090435843,benign
schön,-0.0008585761090435843,benign
hön,-0.0008585761090435843,benign
rkei?,0.000846583486169289,injection
vel ,0.0008246363429509778,injection
 pas,-0.0008200609498330063,benign
 crea,-0.0008023036394053091,benign
 cre,-0.0008023036394053091,benign
ife ,0.0007779347339370439,injection
life ,0.0007779347339370439,injection
 he ,-0.000758869526682216,benign
man,-0.0007244864053523901,benign
 dig,-0.0006128704007345788,benign
ngu,0.0006056420510601428,injection
onstr,-0.0005330191775901668,benign
hol,0.000527400802370031,injection
ris,0.0005178394005955907,injection
 sear,-0.00043193133264740006,benign
ngun,-0.0004170085931530921,benign
ngung,-0.0004170085931530921,benign
rhel,-0.0004170085931530921,benign
rhelf,-0.0004170085931530921,benign
 best,0.00039669633665891655,injection
best,0.00039669633665891655,injection
alie,0.0003935448417055546,injection
ker,0.00037850207286764667,injection
 ziel,-0.00037562260715083784,benign
eha,-0.00036874733965308495,benign
chha,0.00034693095137199856,injection
hha,0.00034693095137199856,injection
mende,-0.00027641527313406876,benign
cher,0.00025550819364404404,injection
halt,-0.00023033762453987107,benign
war,0.0002049631391503918,injection
ono,0.00018151051945415836,injection
100 ,-0.00011759604653376912,benign
00 ,-0.00011759604653376912,benign
 nä,-7.421059140667126e-05,benign
and?,2.7249636999299577e-05,injection
and? ,2.7249636999299577e-05,injection
